,id,title,date,news_url,paragraph,source,category
0,1,醫院/傳/醫護/確診/衛生局/證實/展開/清/消採/檢,2022-04-12 16:36,/news/story/120940/6233726?from=udn-catebreaknews_ch2,傳出/有/家/醫院/醫護員/確診/此/衛生/局長/縣府/防疫/說明/記者/證實/確實/接獲/家/醫院/出現/醫護/確診/針對/院/感染/個案/展開/全面/處理/說/醫院門診/暫停/住院/相關/部門/只出/進/員工/也/依/風險/分層/做/採/開始/包括/醫護/醫護/清潔工/等/採/感染/情況/做/全面/掌握/也/針對/門診/清潔/消毒/也/表示/急診/洗/腎空/間/特別/維持/民眾/服務/完整/性/採/也/清/消採/檢/確保/區域/乾淨/等/疫/調/處理/告/段/落/再/說明,udn,要聞
1,2,影/立委/分局/刑警/確診/衛生局/疫/調/消,2022-04-12 17:02,/news/story/120940/6233828?from=udn-catebreaknews_ch2,國內/本土/疫情/多/爆發/新增/本土/除/產/發局/員工/確診/國民黨/立委/警分局/也/傳出/刑警/確診/另/有/民眾/反映/到/有/確診/足跡/咖啡/廳/用餐/咖啡/廳老闆/告知/坐/確診者/沒收/到/細胞/簡訊/衛生局/也/咖啡/廳/索取/實聯/制資料/質疑/足跡匡列/作業/鬆綁/警分局/爆/刑警/確診/人/送/證物/到/地檢署/入庫/衛生局/召開/記者/表示/相關/個案/疫/調/立委/辦公室/繼/助理/確診/也/陰轉/陽/移置/治療/衛生局/表示/個案/縣市個案/疫/調/針對/確診/場域/北市府/有/協助/加強/清/消/呼籲/員工/自我/健康/監測/另/有/市民/指出/去/咖啡/廳/咖啡廳/公告/有確診者/足跡/事後/咖啡廳/老闆/告知/坐/確診者/沒收/到/細胞/簡訊/通知/咖啡廳/老闆/也/說/衛生局/索取/實聯/制資訊/質疑/足跡匡列/鬆綁/衛生局/回應/只/要/收到/通報/個案/啟動/疫/調/機制/依照/程序匡列/相關/接觸者/做/風險/評估/環境清/消等/民眾/匡列/標準/清楚/等/問題/近/當地/衛生/單位/詢問,udn,要聞
2,3,男子/疑搭/船/出海/落水/溺斃,2022-04-12 14:35,/news/story/7320/6233342?from=udn-catebreaknews_ch2,北山/出海/口/發生/一起/民眾/落海/意外/楊姓/男子/疑/搭乘/船/出海/想到/不慎/落海/海岸/巡/消防隊/接獲/通報/趕/現場/救援/楊姓/男子/獲救/生命/跡象/送醫/治/後續/地檢署/檢察官/進行/相/驗/釐清/相關/案情/消防局/長/陳叁奇/表示/意外/發生/北山/出海/口/海/約/處/岸/巡/發現/船/原地/轉/船/無人/通報艇/前往/搜救/尋獲/落海/男子/救/楊姓/男子/呼吸/心跳/上/送/醫院/搶救/海巡艇/靠岸/身/防護服/人員/落海/男子/抬上/岸/消防/隊員/實施/CPR/心肺/復甦/術/恢復/生命跡象/行人/趕緊/人/送/救護車/趕/醫院/進行/搶救/宣告/治/於/歲/楊姓/男子/死亡/後續/相關/案情/待/釐清/出海/獨自/出海/有/其他/人/同行/等/檢/調進/調查/釐清/意外原因,udn,社會
3,4,疫情/整理/包/本土/估/月底/破/破/也/可能/發生,2022-04-12 17:00,/news/story/120940/6232317?from=udn-catebreaknews_ch2,本土/疫情/升溫/多/爆發/地/也/陸續/傳出/確診/聯合/新聞網/讀者/快速/整理/本日/疫情/重點,udn,要聞
4,5,精/摘/本土/大增/居家/隔離/期滿/PCR/改快篩,2022-04-12 16:50,/news/story/7314/6233782?from=udn-catebreaknews_ch2,NA,udn,要聞
5,6,工廠/大火/控制/無人/員/受困/受傷,2022-04-12 14:20,/news/story/7320/6233297?from=udn-catebreaknews_ch2,工廠/發生/火警/火勢/全面/燃燒/到/回報/火勢/控制/無人/員/受困/受傷/起火/原因/消防局/調查/消防局/獲/有/工廠火警/派遣/豐南/頭家厝/救災/車輛/共計/人員/到場/搶救/副大隊長/擔任/現場/指揮官/消防/隊員/到場/發現/一樓/鐵皮/工廠物/起火/燃燒/現場/無人/員/受困/無人/傷亡/回報/火勢/控制/燃燒/面積/初/估約/財物/損失/待查/起火/原因/火/調/人員/調查,udn,社會
6,7,台義/跨國/監女大戰/律師/恐/倉促/裁定/盼/大法官/盡/做成/判決,2022-04-12 14:30,/news/story/7321/6233327?from=udn-catebreaknews_ch2,NA,udn,社會
7,8,田/戴/口罩/人/滾/回去/共產黨/判/罰,2022-04-12 14:32,/news/story/7321/6233337?from=udn-catebreaknews_ch2,人民/共產/黨總理/人/大/前往/田/紀念/園區/田銅像/戴上/印有/五星旗/發表/新冠肺炎/給/病毒/傳染/給/人/滾/回去/等/言論/上傳/臉書/警方/認/違反社/維法/送辦/簡易庭/引用/同意/觀點/誓/死/捍衛/說話/權利/裁定/罰/警方/調查/人/前往/田/紀念/園區/銅像/戴上/印有/五星/旗圖樣/口罩/發言/稱/新冠肺炎/給/病毒/傳染/給/人/滾/回去/等/全程/錄影/張姓/男子/影片/上傳/其臉/書/警方/認/人/涉/有/違反/社會/秩序/維護法/藉端/滋/擾/公共場/行為/移請/簡易庭/裁定/人/辯稱/此/舉/疫情/嚴重/要/強調/口罩/重要/性/正面/防疫/宣傳/等/等/人/承認/發表/人/滾/回去/等/言論/簡易庭/勘驗/警方/檢附/光碟/社群/網站/錄影/檔案/見/五星/旗口罩/戴上/銅像/影片/說/出/大家/農曆/人/好朋友/要/來/田/戴/口罩/阿/新冠肺炎/請/人/人/病毒/傳來/帶/五星旗/口罩/也/讓/知道/說/屬於/等/好朋友/田/阿/戴/口罩/希望/病毒/帶到/來/也/田/說/領/土/人/滾/回去/人/滾/回去/說/希望/兩岸/早日/統一/最好/選擇/謝謝/大家/法官/認為/行人/配戴/印有/五星旗/口罩/紅衣/戴/五星/旗圖樣/小帽/影片/主張/兩岸/統一/言論/依/一般/人/生活/語言經驗/理解/移送人/人/行人/宣傳/共產黨/發表/認同/謀求/兩岸/統政治理念/法官/指出/等/人/惟/煽動/暴力/攻擊/歧視/特定/族群/極端/仇恨/言論/僅/個人/意見/表達/言論/自由/核心/留待/言論市場/自行/評價/踰/越法律/界/限/獲得/尊重/法官/引用/女性/作家/Evelyn/Beatrice/Hall/The/Friends/of/Voltaire/伏/爾泰/朋友們/書/同意/觀點/誓/死/捍衛/說話/權利/本院/否認/同/言論內容/傳遞/觀點/予以/最大/包容,udn,社會
8,9,影/有確診者/足跡/清潔/隊清/消,2022-04-12 16:57,/news/story/120940/6233807?from=udn-catebreaknews_ch2,縣/有確診者/足跡/分別/地點/活動/鄉市/清潔隊/接到/通知/做/環境/清/消/根據/流行/疫情/指揮/發布/訊息/的確/診者足/跡/出現/到/藤山步道/健走/到/鳥早餐/店/帶/的確/診者足/跡/去/營/夫球/練習場/時間/清潔隊/接獲/通知/有確診者/足跡/到/藤山/步道/等/道路/住/家/噴藥/消毒,udn,要聞
9,10,進入/長備/選/狀態/行程/宣導/防疫,2022-04-12 17:02,/news/story/6656/6233829?from=udn-catebreaknews_ch2,民進黨/布局/市長人/選/定/衛福部長/專訪/透露/總統/有/正式/談/國民黨/立委/立法院/質詢/追問/跑/行程/進入/選舉/備戰/狀態/連忙/答/備戰/狀態/絕對/行程/民眾/溝通/宣導/防疫/針對/鬆口/總統/正式/談/現階段/防疫/重/質詢/追問/大概/要/宣布/參選/正面/回應/僅/表示/是非/正式/印象/深刻/大家/可能/關心/正式/詢問/也/正式/場合/來/問/說/美日/新增/確診/案例/民眾/很/緊張/繼續/跑/行程/進入/選舉/備戰/狀態/連忙/否認/絕對/樣子/準備/行程/宣導/目標/民眾/溝通/防疫/事情/於立/委/傳出/陰轉/陽/確診/問/針對/國會/行政/部門/防疫/應對/措施/指揮/中心/有/更積極/作法/說/照/基本/防疫/原則/也/建議/立法院/要/設防/疫/長/自主/應變/委員/辦公室/也/要/有/負責人/出現/確診/案例/積極/聯絡,udn,要聞
10,11,航廈/擴建/弊案/工程處長/涉貪/判刑,2022-04-12 14:36,/news/story/7321/6233348?from=udn-catebreaknews_ch2,公司/工程處長/涉嫌/利用/航廈/擴建/機會/多次/定/洩露/給/廠商/收取/檢調/搜索/住家陽台/找到/現金/桃園地/院/依/洩密/貪污/等/罪/判處/到/罪/判處/等/期/易科/罰金部分/執行/褫/奪/公權/得/易科/罰金部分/執行/上訴/全案/另/有/多/被告/具/公務員/身分者/助理/工程師/也/收取/回扣/判刑/褫/奪/公權/據悉/底/航廈/剛/開始/擴建/不久/地檢署/接獲/線報/展開/監控/陸續/有內/部/人/航廈/漏水/認為/施工/品質/太爛/檢舉/歲/長期/接受/包/商賄/款/供養/質疑/發包/資金/挪去/行賄/導致/工程/品質/彰/檢調/形容/很/敢拿/也/相當/小心/留下/紀錄/密集/監控/多/認/機/成熟/展開/搜索/最後/也/住處/陽台/找到/現金/進一步/追查/航廈/有/標案/可疑/涉嫌/洩漏/底價/變更/追加/預算/浮報/工程/價格/單/最高/收取/賄款/檢方/查出/公司/辦理/第二/航廈/擴建/工程/公開/招標/新亞/建設/公司/益鼎/工程/公司/共同/得標/報請/變更/設計/見/同年/王姓/副總/工程師/索討/回扣/約/工程費/取/約/吳姓/工程師/收取/回扣窗/口/也/指定/另/名吳姓/男子/擔任/新亞協力/廠商/吳/表/感謝/也/交付/現金/公司/道面/維護/工程/招標/也/洩漏/價格/幫助/旺誠/營造/公司/得標/審理/坦承/航廈/擴建/工程弊案/否認/利用/道面工程/收/回扣/辯稱/廠商/主動/給/吃/回答/謝謝/人/這麼客氣/法院/認為/行為/有損/官箴/坦承/部分/犯行/繳回/法/所得/道面/維護案/約/賄賂/部分/知/悔悟/最後/審酌/科/犯罪/生/危害/等/情/量刑,udn,社會
11,12,凶殺/案檢警相/驗/死者/頸部/胸口/鼻梁/傷,2022-04-12 14:47,/news/story/7315/6233390?from=udn-catebreaknews_ch2,市/發生/凶殺案/王姓/男子/疑/不滿/鄰居/積欠/還/雜貨/店/拿/藏/裁縫/用/彈簧刀/猛刺/脖子/多刀傷/重/送醫/治/當場/捕/檢警/會同/法醫相/驗/發現/左頸/方/後頸/胸口/鼻梁/有/傷口/檢方/指出/死/待/解剖/釐清/家人/前往/立/驗/指認/遺體/悲/來/低頭/哽咽/家人/不斷/安撫/情緒/檢方/召開/偵查庭/詢問/目擊/證人/案發/情景/檢警/會同/法醫相/驗/家人/希望/給/死者/公道/警方/調查/歲/死者/人/不僅/熟識/鄰居/常/有借/貸/往來/手頭/緊/死者/索討/積欠/不成/不滿/對方/還錢/死者/抱怨/不斷/催討/爆發/口角/疑/埋下/殺機/案發/現場/雜貨/店/喝酒/見/走路/經/迅速/身/拿出/預/藏/裁縫/用/彈簧刀/直接/朝/頸部/猛/刺數刀/根本/閃避/不及/脖子/胸/等/處滿/是鮮血/當場/體力/支/倒/血泊,udn,社會
12,13,傳/失智/老翁/走失/熱心/民眾/發現/協助/送回家,2022-04-12 14:52,/news/story/7320/6233404?from=udn-catebreaknews_ch2,輕微/李姓/老翁/獨自/騎/機車/外出/失聯/家屬/憂心/已/報警/也/上網/PO/文/請/民眾/協尋/經/警方/連續/動員/警民力/共同/努力/終於/碧湖/社區/盧姓/民眾/發現/老翁/送回家/家屬/看到/老翁/總算/放下/心/大石/也/感謝/警方/協助/搜尋/湖分局/表示/警方/接獲/民眾/報案/指稱家/失智/老翁/外出/失聯/湖分局/分局長/獲/指示/全員/出動/協助/家屬/尋找/兵/分/多路/家屬/表示/老翁/出門/疫苗/警方/失蹤者/最後/出現/地點/出發點/翻/新頭/湖/漁村/等/社區/鄰近/山林/海域/等/實施/地毯式/搜尋/無結果/透露/搜救/擔心/老翁/歸/警方/轄區/圖/分析/可能/行走/方向/再次/出動/警力/協尋/直/終於/傳來/老翁/好心/民眾/送回家/讓/搜尋人員/相當/欣喜/警方/說/見老/翁狀況/大礙/心繫/騎/機車/尋回/說/機車/倒/山/草叢/確切/地點/知道/警方/陪同/老翁/家屬/踏遍/新頭/樹叢/小徑/獲/轉/碧湖社區/方/林地/尋找/終於/離/碧湖社區/方/處林/間/小徑/尋獲/機車/老翁/欣喜/表達/感謝/湖分局/再次/呼籲/家/有/失智/老人/家屬/多/加/關懷/照顧/縣府社會/處/衛生局/等/相關/單位/申請/定位/手錶/失智/手環/QRcode/衣物/貼紙/GPS/定位/系統/協助/長者/配戴/避免/類此/事件/再度/發生,udn,社會
13,14,策/劃/大麻包裹/空運/來/台/竹聯/狂/飆甩/警/逮,2022-04-12 14:59,/news/story/7315/6233427?from=udn-catebreaknews_ch2,竹聯/幫/朱姓/分/會長/找來/同樣/有/黑幫背景/張姓/男子/利用/各國/管制/法令/差異/毒品/美/加/地區/合法/愷他/命/多國/合法/寄出/大麻/毒包裹/空運/回台/闖關/海關/警方/發現/警方/逮捕/人/逃亡/到/區/時速/破/要/甩開/警方/最後/警方/產業/道路/逮捕/刑事局/偵查/接獲/財政部/關務署/關/通報/海關/執行/航空郵/包/檢查/發現/可疑包裹/會同/警方/查驗/發現/裹/寄出/糖果/餅乾/玩具/品項/檢視/包裹/內部/高/密度泡棉/緊緊/包覆/拆開/泡棉/發現/藏/大麻/共計/刑事局組/追查/專案/小組/配合/警方/部署/先/逮捕/負責/收貨/張姓/男子/溯源/發現/幕後/主謀竹聯/幫/朱姓/分/會長/驚覺/事跡/敗露/駕車/逃竄/警方/鎖定/行蹤/展開/圍/捕/發現/警方/跟監/跑/陽明山區/破/速/狂飆/山區/道路/曲折/蜿蜒/甩開/警方/追/專案/小組兵/分/多路/道路圍/捕/最後/產業/道路/圍/捕/到案/警方/調查/黑幫/集團/利用/各國/管制/法令/差異/部分/毒品/合法/高風險/國家/寄出毒包裹/到/刑事局/相關/情資/同步/通報/國際/刑警/組織/追查/境/法/販毒/集團/販毒/網絡,udn,社會
14,15,登山/婦/險/拖進/草叢/性侵/持刀/狼/襲/胸逞/慾/重判,2022-04-12 14:36,/news/story/7321/6233346?from=udn-catebreaknews_ch2,判刑/定讞/簡姓/男子/出獄/涉嫌/持刀/強押/歲/女性/鄉間/小路/企圖/女子/軌/幸經/路人/經/罷手/逃逸/地方/法院/認為/簡/珍視/更生/生活/依/攜帶/兇器/強制罪/重判/判決/指出/攜帶/彈簧刀/騎車/經/竹坑山/區小路/看到/婦人/行經/路段/停妥/機車/快步/婦人/方/接近/先/徒手/勒住/婦人頸部/再/手/摸/婦人胸部/沒料/猥褻/得逞/罷手/見/無人/持刀/恫嚇/婦人/亂動/打算/婦人/強押/小路/企圖/軌/幸/正好/有/路人駕駛/小貨車/經/婦人/趁機/呼救/掙扎/見/有/人/靠近/逃離/作案/現場/騎車/方向/逃逸/轄區/警方/獲/鎖定/落/當/持拘/票/逮捕/起初/否認/犯案/供稱/女子/發生/行車/糾紛/有/肢體/拉扯/說/詞/反覆/詢/依/妨害/自由罪/移送/地檢署/檢方/調查/依/強制/性交/未遂罪/聲押/獲准/調查/依/妨害性/自主罪/起訴/地方/法院/審理/簡/坦承/犯行/法官/根據/婦人/證詞/認為/簡/涉嫌/脅迫/行為/到/短案/掐捏/婦人胸部/其餘/時間/勒/恫嚇/試圖/婦人/拖/小路/繼續/襲/觸摸/其他/隱私/部位/脫/去/婦人/衣物/其他/顯示/進一步/強制/性交/外部/表徵/行為/法官/認為/行為/僅/構成/強制/猥褻/達/強制/性交/未遂/程度/審酌/殺人案/判刑/確定/出獄/珍視/更生/生活/反/再犯/重刑/考量/婦人/和解/依/攜帶/兇器/強制/猥褻罪/判刑/上訴,udn,社會
15,16,造船廠/舞蹈/教室/感染源/電廠/群聚,2022-04-12 16:22,/news/story/120940/6233673?from=udn-catebreaknews_ch2,宣布/新增/確診/縣府/再/增加/公布/立案/號/個案/私立/慧燈/中學/學生/國小/老師/針對/釐清/造船廠/外包/廠商/員工染疫/請求/協助/基因/定序/證實/電廠/確診者/基因/定序/相同/推定/造船廠/個案/舞蹈/補習班/感染源/電廠/疫情/疫情/主要/舞蹈/教室/家族/聚餐/群聚/傳播/鏈/造船廠/邵/外包/廠商/員工/確診/查/出/感染源/縣/衛生局/請求/協助/基因/定序/發現案/舞蹈/教/室助/教/案/造船廠/外包/廠商/員工/基因/序列/相同/案/電廠/確診者/一致/推定/造船廠/個案/舞蹈/教室/感染源/電廠/群聚/疫情/有關/衛生局/說明/新增/案例/舞蹈/教室/關聯/個案/案/案/舞蹈/教室/關聯案/孩子/家人/居家/隔離/陰轉/陽/進行/解除/隔離/篩檢/陽性/確診/CT/值/家族/聚餐/群聚/案衍/伸/案/案/案/案/縣/聚餐/群聚案/個案家/聚餐/確診/個案/相關/親戚/職場/接觸者/衛生局/進行/疫/調/匡列/檢測/陽性/確診/有/述/群聚案/無關/聯/案/歲/男性/發燒/腹瀉/自行/購買/快篩/試劑/篩檢/陽性/醫院/PCR/檢查/也/陽性/CT/值/案/歲/男性/到/縣市/朋友/聚餐/朋友/確診/自行/購買/快篩/試劑/篩檢/陽性/PCR/檢查/也/陽性/CT/值/有/有/案號/的確/診個案/慧燈中學/女學生/國小/女老師/公布/於/學校/有關/合計/擴大/進行/名師生/篩檢/縣/衛生局/先/公布/個個案/縣長/指示/衛生局/緊急/聯繫/醫療/團隊/進駐/相關/場域/設立/篩檢/站,udn,要聞
16,17,女胸刺布袋戲/大/失敗/黑鼻/眼神/歪法院/判/刺青師/賠,2022-04-12 14:59,/news/story/7321/6233422?from=udn-catebreaknews_ch2,陳姓師/替/張姓/女子/左肩/胸刺/提供/人物圖/張/認為/品/失敗/鼻子刺成/眼神/也/不對/同精神/撫慰/陳/求償/陳/認為/照/圖刺/強調/五官/立體/等/法院/比/勘驗/直言/肉眼/望/知/刺青成品/嚴重/錯誤/判/給付/上訴/控訴/預約/刺青/提供/布/袋戲人物/圖案/陳刺/左肩/胸/等/支付/費用/起初/好草圖/印/去/問題/討論/顏色/風格/成品/原/圖色澤/五官/構圖/水準/說/布袋戲/人物/鼻子/眼神/也/不對/也/只有/花/認為/身/刺青/失敗/紋身/造成/抑鬱/失眠/事後/再花/請求/修改/另/包括/雷射/費/精神/損害/一共/求償/抗辯/稱/依照/提供/圖案/刺青/印/草稿/張/也/有/思考/空間/張/提供/圖案/選/張/意見/作品/呈現/張/提供/圖片/吻合/幫/修補/滿意/表示/顏色/也/依/原本/圖案刺/鼻子/陰影/有/原/圖臉部/陰影/修飾/特/寫下/刺/出來/很黑/有/強調/五官/立體/眼神/也/參考/圖片/台中地/院/比/提供/照片/身/刺青/圖案/等/認為/肉眼/望/知/替/刺青/成果/顯然/人物/臉/鼻子/頰光影/嚴重/錯誤/人物/眼睛/頭飾/也/有/一定/程度/失真/法院/指出/紋身/刺青契約/確/屬陷/給付/情形/刺青/身/也/法/侵害/身體/負/損害/賠償責任/法院/審酌/刺/修補/無效/求償/雷射/法/有據/另/認定/精神/撫慰/適當/一共/判/給付,udn,社會
17,18,社交/距離/APP/下載/長/時間/逗留/實聯制,2022-04-12 16:07,/news/story/122190/6233602?from=udn-catebreaknews_ch2,國內/新增/COVID/本土/個案/再/創/單日/新高/疫情/指揮/中心/鼓勵/下載/APP/下載/長/時間/逗留/場域/使用/此/流行/疫情/指揮/中心/發言人/疫情/記者會/公布/國內/新增/COVID/冠狀/病毒/疾病/確定/病例/本土個案/境/外移/入/航班/落地/採/陽性/另/確診/個案/新增/死亡/個案/分布/縣市/最多/次之/第3/其餘/國內/新增/本土/個案數/持續/攀升/防疫/進入/正常/生活/積極/防疫/穩健/開放/原則/新/模式/鼓勵/民眾/下載/台灣/社交/距離/APP/進入/場域/僅/出示/APP/畫面/得/用/其他/實聯制/措施/只/要/確診者/有/超過/接觸/史/接獲/通知/進一步/說明/依據/台灣/社交/距離/APP/特性/使用場/有/限制/建議/優先/使用場/活動/逗留/時間/至少/餐廳/運動/中心/演唱會/遶境/等/域/活動/短/時間/逗留場/所/超商/等/建議/台灣/社交/距離/APP/替代/現行/實聯制/指揮/中心/資訊/組組長/說/台灣/社交/距離/APP/截/累計/下載/增加/安裝者/主動/上傳率/高達/歲/族群/安裝/推廣/目標/指揮/中心/補充/說明/公布/案/境/外移/入/病例/經/調/發現/個案/電廠/工程/染疫/移工/改判/本土/病例/指揮/中心/統計/土病例/共/人/輕症/症狀者/占/重症個案/共/人/症/占/重症/症個案/人/年齡/歲/歲/重症/累計/死亡/年齡/歲/歲/本土/疫情/延燒/有/上/個案/輕症/無症狀/指揮/中心/呼籲/Omicron/變異株/有輕/症化/傾向/高齡者/有重/症/死亡/風險/要/呼籲/盡/疫苗/國內/COVID/疫苗/接種/人/疫苗/接種人/口/涵蓋率/追加劑/接種率,udn,要聞
18,19,增/雙北/相關/感染源/明,2022-04-12 16:32,/news/story/120940/6233716?from=udn-catebreaknews_ch2,CDC/公布/新增/市長/說/有/移出/個案/實際/雙/相關/的確/診案例/共/有確診者/假/家族/掃墓/的確/診者/有/密切/接觸/另/有/感/源源/明/疫/調/釐清/針對/疫情說明/居家/隔離/人數/人/減少/人/自主/健康/管理/人/增加/人/全市/社區/篩檢/站/也/持續/進行/全市/篩檢/站共/計/篩檢/人/共計/篩檢/人/說/工地/衍生/社區/群聚/相關/有/衍生/到/家庭/群聚/有/原/匡列居/隔/對象/新增/家庭/群聚/相關/共/有/家庭/共/原本/匡列/另/有/家庭/有/新增/工廠/群聚/相關/保險/公司/職場/群聚/相關/表示/雙/相關/的確/診案例/共/IKON/TAIPEI/酒/群聚/衍生/家庭/相關/酒店/相關/確診/個案/衍生/家庭/群聚/假/家族/掃墓/的確/診者/有/密切/接觸/匡列居/隔/PCR/陽性/確診/確診/個案/衍生職場/相關/中山區/職場/相關/職場/衍生/家庭/相關/匡列居/隔/陽性/確診/疫/調/案/歲/女性/進一步/疫/調/案/自行/購買/快篩/試劑/呈/陽性/通報/衛生局/防疫/計程車/載送/醫院/採/確診/送/集中/檢疫所/案/身體/舒服/自行/去/醫院/PCR/採/陽性/確診/案/身體/不適/使用/愛心/快篩/試劑/陽性/經/衛生局/安排/醫院/篩檢/陽性/確診/案/歲/女性/報關/行/從業/人員/疫/調/案/身體/不適/家人/帶到/醫院/PCR/採/陽性/確診/案/學生/自行/快/篩篩結果/呈/陽性/經/PCR/複檢/陽性/確診/案/歲/男性/身體/不適/醫院/採/確診/疫/調,udn,要聞
19,20,要/北北/桃/也/做/類普篩/加發/快篩,2022-04-12 16:34,/news/story/122190/6233723?from=udn-catebreaknews_ch2,國內/疫情/升溫/衛福部長/受訪/表示/先前/效果/不錯/盼/高風險/區域/比照/辦理/市長/說/侯/說/有/篩檢/站/篩檢/量/全國/第一/有意/多/地方/廣播/受訪/提及/北北基桃/風險/比較高/區域/先前/基隆類/普/篩效果/不錯/篩出/人/PCR/陽性/及早/找出/病例/社區/盼/高風險/區域/比照/辦理/說/指揮/中心/發放/快篩/試劑/北北基桃/聯繫/縣市/府/提出計畫/擬定/實施/區域/對象/表示/開始/廣設/篩檢/站/設/全國/最多/篩檢/站/撤/篩檢/量/全國/第一/截/得/篩檢/量/達/包括/專案/篩檢數/也/投下/很多/資源/社區/篩檢/包括/先前/專案/三峽案/發/約/給/師生/家長/侯/說/有意/要/多/快篩/試/劑地方,udn,要聞
20,21,快篩/只/戳/鼻孔/指揮/中心/曝/改用/唾液/篩檢/可能/性,2022-04-12 16:09,/news/story/122190/6233646?from=udn-catebreaknews_ch2,國內/試劑/約/比/各國/貴/立委/要求/儘速組/快篩/國家隊/政院/擬/規畫/徵用/國內外/快篩/試劑/比照/口罩/實名制/推出/單劑/快/篩實名制/另/媒體/也/關心/鼻咽/採/快篩/用/唾液/篩檢/此/指揮/中心/發言人/說/只/要/廠商/送審/經/食藥署/審核/通過/使用/市/售快篩/試劑/約/左右/民眾/抨擊/價格/太高/表示/預估/月底/快/篩價格/降低/到/此/回應/徵/用快/篩部分/持續/進行/希望/月底/壓/低價格/鼻咽/採/需/用長棉/棒/深入/鼻腔/採/檢過程/易/民眾/感到/不適/出現/酸感/流鼻水/流淚/甚至/流鼻血/等/人/期望/唾液/採/取代/現有/鼻咽/採/回應/國內/快篩/試劑/要/上市/銷售/只/要/廠商/送審/到/食/藥署/通過/核/販售/無論/廠商/自行/研發/國/進口/代理/廠商/研發/唾液/快篩/希望/鼓勵/廠商/來/研發/要求/入境/旅客/購買/旅遊/保險/支付/相關/感染/治療/住院/費用/保險/金額/最低/新幣/國/進來/疫情/嚴峻/要求/入境/者/自備/防疫/險/說/入境/防疫/險/主要/依據/法定/傳染病/法/針對/國人/國人/因應/防疫/需要/生病/住院/隔離/費用/公費/付出/國法/令/有/不同,udn,要聞
21,22,出國/返台/隔離/有/可能,2022-04-12 16:33,/news/story/122190/6233722?from=udn-catebreaknews_ch2,出國/回國/隔離/指揮/中心/指揮官/日/答詢/表示/有/可能/性/認為/到/疫情/下降/隔離條件/可能/性/方國家/疫情/差不多/更好/立法院/召開/院/邀請/行政院長/提出/施政/方針/施政/報告/備/質詢/民進黨/立委/詢問/指出/條件/提下/決定/讓/國人/出國/返台/再/進行/隔離/答詢/這有/可能/性/國家/疫情/染疫率/差不多/國人/去/回來/疫情/同水位/基本/沒差/說明/疫情/正/下降/大概/降到/新增/確診/人數/來/管控/好/可能/降到/疫情水平/差不多/比/更好/大概/水/平移/動/也/需要/特別/去/管理/說/疫情風險/差不多/比/低/邊境/管制/滿/自由/風險/相同/開放/方國家/疫情/很嚴重/風險/比較高/規劃/隔離/天數/合理地/往/下降/說明/風險/比較高/國家/降低/檢疫/天數/風險/相同/較低/開放/也/判斷/認為/到/疫情/往/下降/有/變異數/基本/往/下降/趨勢/最後/重述/確認/表示/意思/國人/出國/回國/隔離/期待/表示/有/可能/性,udn,要聞
22,23,自承/提名/機率/低/坦言/想/離開/國民黨,2022-04-12 16:20,/news/story/122682/6233544?from=udn-catebreaknews_ch2,宣布/爭取/市長/選舉/黨/提名/市議員/說/提名/機率/微乎/極微/只有/機率/也/也/坦承/想/離開/國民黨/時間點/國民黨/重返/執政/辦法/黨/弱/離開/宣布/爭取/提名/國民黨/秘書長/表示/徵詢/地方/參考/民調/基本/排除/提名/接受/網路/節目/新聞/芹菜/主持人/專訪/表示/怕/失敗/人/嚴格/來/說/提名/機率/微乎/極微/只有/機率/也/人生/哲學/活/把握/動機/想做/說/政治/生涯/最低/潮/發願/要/選/市長/初選/看起來/定於/決定/大局/重/放下/個人/心願/事/逗點/強調/局面/一樣/人/正式/表態/唯一/表態/要/選/只有/決定/到/走/到處/學習/請益/認為/也/說/一定/要/提名/參選/權利/名/尊重黨/決定/說/做/民調/過去/公布/黨/說服/選/原因/第一/民調/差/第二/地方/議員/認為/很弱/開始/走/看/民調/黨/排名/吊車尾/到/民調/排名/到/第2/表示/找/房子/唯一/考量/價錢/荷包/不深/買/很便宜/房子/戶籍/遷/過去/有/誠意/也/說/想/離開/國民黨/時間點/國民黨/重返/執政/國民黨/有/提攜/恩/辦法/國民黨/弱/離開/野/制衡/力量/很薄弱/力量/瓦解/知道/民主/淪落/到/處境,udn,要聞
23,24,分局/刑警/確診/人/送/證物/入庫/士檢/急清/消,2022-04-12 16:06,/news/story/120940/6233641?from=udn-catebreaknews_ch2,台/警分局/爆/刑警/確診/人/送/證物/到/地檢署/入庫/士檢/接獲/衛生/單位/通報/針對/贓/物庫/全面/消毒/據悉/士檢/接獲/健康中心/通知/有確診者/足跡/出現/在地/檢署/士檢/表示/完成/環境/清/消,udn,要聞
24,25,補習班/病毒/恐/傳播數/人/縣府/籲/家長/儘速/快篩,2022-04-12 16:26,/news/story/120940/6233694?from=udn-catebreaknews_ch2,確診/暴增/主要/傳播/鏈/餐廳/醫院/補習班/餐廳/有/親友/確診/醫院/染疫/補習班/染疫/補習班/來往/學生/有/人/返家/接觸/親友/恐達/人/縣府/呼籲/足跡/重疊/身體/不適/者/盡快/前往/快篩/縣長/蔚/表示/確診/有/案/採/PCR/陰性/醫院/不慎/誤植/陽性/指揮/中心/來不及/更改/有/數量/誤差/確診者/輕症/甚至/有/人/無症狀/請/大家/放心/衛生/局長/指出/餐廳/增加/親友/確診/小/補習班/有/確診/新增/學生/名/家長/確診/慈濟/醫院/部分/護理師/參加/婚宴/染疫/新增/同事/病患/病患/家人/確診/共/確診/再/加上/疫/調/人/縣市/人/共有/人/染疫/小/補習班/染疫/源頭/外籍/老師/疫/調/說謊/表示/去/餐廳/同行/友人/坦承/傳播/鏈/建立/說/針對/外籍師/隱匿/足跡部分/開罰/蔚/指出/於/補習班/來往/學生/有/人/接觸/家屬/人數/可能/多/達/人/縣府/門諾醫院/設快篩/站/一般/民眾/採/特別/針對/家長/孩童/快篩/檢驗/慈濟/醫院/擴大/採/採/有/陽性/反應/富/世國小/有/學生/確診/縣府/緊急/成立/快篩/站/富世/多功能/活動/中心/快篩/人/陰性/衛生/快篩/站/請/足跡/重疊者/鄉親/前往/快篩/教育處/代理處長/說/針對/小/補習班/匡列/篩檢/共/匡列/學生/採/人/有/人/陽性/工作/人員/匡列/人/採/人/有/人/陽性,udn,要聞
25,26,聽到/怪聲/查看/食/品廠/煮/珍珠/鍋爐/突/爆炸/男/噴飛/倒地/送醫/治,2022-04-12 16:12,/news/story/7320/6233655?from=udn-catebreaknews_ch2,食品工廠/傳出/鍋爐/造成/現場/男性/員工/噴飛/倒地/生命/徵/緊急/送醫/急救/宣告/治/據/了解/死者/歲/食品工廠/員工/到職/工作/努力/左右/看顧/烹飪/珍珠/鍋爐/突然/聽到/鍋爐/發出/異常聲/響/趕緊/趨/查看/檢查/料/鍋爐/發生/爆炸/爆炸/威力/大/人/噴/飛落地/當場/生命/徵/緊急/送醫/急救/人/遺憾/搶救/無效/宣告/治/相關/單位/介入/調查/釐清/意外/確切/原因,udn,社會
26,27,友人/也/染疫/產/發局員工/確診/衛生局/急匡列/人,2022-04-12 16:13,/news/story/120940/6233664?from=udn-catebreaknews_ch2,台/新增/本土病例/疫情/多/爆發/市政府/產發局/傳出/員工/確診/衛生/局說明/確診/員工/個案/友人/接觸/友人/也/確診/匡列/職場/人居家/隔離/公共/辦公場/清/消/完畢/衛生局/指出/確診/產/發局員工/個案/出現/發/熱情/有/輕微/發燒/頭痛/自行/使用家/用快篩/採/陽性/安排/醫院/PCR/篩檢/報告/結果/出爐/陽性/確診/衛生局/表示/員工/市府/最後/上班/日/有/友人/接觸/友人/也/採/陽性/確診/衛生局/表示/北市府/接獲/通知/啟動/職場疫/調/匡列/職場/接觸者/人居/隔/同樓層/區域/員工/全面/快篩/採/檢結/果/有/人/陰性/剩餘/採/有/建議/樓層/人員/跨/樓層/移動/另/市府大樓/公共場/及/辦公場/環境清/消,udn,要聞
27,28,提高/緊急/救護/成效/消防局/成立/教/官團組訓,2022-04-12 15:35,/news/story/7320/6233554?from=udn-catebreaknews_ch2,市/消防局/到/院/緊急/救護/工作/成功/救回/命危/OHCA/患者/讓/患者健康/走出/醫院/提升/到/院/緊急/救護/品質/成立/救護/品管/訓練團/搭配/大隊/中隊/分隊/進行/緊急/救護/品管/流程/測驗/大隊長/表示/轄區/人口/環境/複雜/假日/觀光/重/點地區/提升/整體/到/院/緊急/救護/處置能力/精進/同仁/救護/技術/消防局/緊急/救護科/要求/既定/工作/結合/東門/高級/救護隊/分隊/同仁/成立/救護/品管/訓練/教/官團/進行/大隊/轄/分隊/救護/品管/工作/輔助/分隊/同仁/做出/判斷/提升/救護/品質/整體/院/救護/技術能力/救護/裝備/局長/努力/市長/支持/不斷/提升/更趨/完善/再/持續/精進/救護/訓練/針對/分隊/人員/中隊長/以下/幹部/含分/小隊長/大隊/小組/人員/進行/車/意識/改變/救護/現場/流程/OHCA/救護/流程/訓練/更/利用/消防局/Q/身心/肺/復甦/Q/讓/同仁/瞭解/壓/深度/速率/吹氣量/透過/Q/機器/數值/清楚/掌握/消/防救/護/訓練/品質/訓練/成效/也/客觀/數值化/呈現/消防/人員/針對/轄/場所/學校/進行/CPR/宣導/也/帶給/民眾/正確/救護/技術/觀念/最後/呼籲/市民朋友/救護/資源/留給/真正/需要/人/輕症/請/自行/救醫/濫用/也/請/業者/落實/防火/管理/滅火班/通報班/救護班/等/編組/提升/應變能力/保障/身財/產/安全,udn,社會
28,29,學術/封建/讓/掠奪性/期刊/肆虐/台灣學/界/需要/怕/得罪人/勇氣,2022-04-12 16:15,/news/story/6656/6233670?from=udn-catebreaknews_ch2,NA,udn,要聞
29,30,增/縣市/約占/確診,2022-04-12 16:17,/news/story/120940/6233671?from=udn-catebreaknews_ch2,新增/縣市案例/占/人/市長/召開/疫情/記者/表示/縣市案例/約占/確診數/左右/最多/於/確診者/集中/北北基桃/生活/縣市/要/一起/努力/新增/足跡/相關/採/陽性/居/隔採/檢/陽性/居/隔陰/轉/共/計增/縣市/占/人/人/最多/表示/縣市/確診者/約占/確診數/左右/乎/爲/雙北/共同/生活區/確診者/也/多/集中/北北基桃/需要/縣市/一起/努力/教育局/補充/增/校/幼兒/園班級/停課/包括/新莊區/校/園/校/有停/班/課/學校/共有/校/園/公布/最新/停課/標準/教育局/說教/育部/找/縣市/研商/標準/後續/依/標準/辦理,udn,要聞
30,31,再/酒駕/出庭/坦承/犯行/辯護人/稱/累犯/盼/易科/罰金,2022-04-12 15:39,/news/story/7315/6233568?from=udn-catebreaknews_ch2,相聲瓦舍/創辦人/涉/公共/危險/罪嫌/起訴/地方/法院/開庭/當庭/認罪/認為/身為/公眾人物/受/大眾/非難/接受/認罪/協商/檢方/提出/刑度/盼/法官/輕量刑/易科/罰金/酒駕/酒駕/地方/法院/判/徒刑/易科/罰金/撞上/方/停等/紅燈計程車/警方/到場/進行/酒測/發現/宋酒/測值/高達/ｍｇ/Ｌ/警方/移送/地檢署/偵查/稱/叫/代駕/車/開出/停車場/欲/車輛/交給/代駕/打/手機/聯繫/手機/掉落/彎下/身子/撿/手機/注意/方/停等/紅燈/計程車/撞上/釀/檢方/依/公共/危險/罪嫌/起訴/新北地/院/開庭/審理/當庭/認罪/審判/長依/程序/進入/檢方/認罪/協商/檢方/指出/名人/做/社會/表率/過去/也/公開/場合/說/很高興/戒酒/破功/考量/社會/酒駕/反感/提出/有期/徒刑/刑度/接受/認為/刑/度過/重/案件/進入/簡式/審判/程序/辯護人/指出/始終/坦承/犯行/酒/駕車/媒體/報導/導致/工作/抵制/社會/非難/身為/名人/部分/受罰/請求/庭/考量/減輕/刑度/上次/有/紀錄/酒駕/算累犯/盼/一般/民眾身分/量刑/希望/獲/易科/罰金/審判/長/指出/以為/酒駕/累犯/司法/紀錄/上次/酒駕/相信/來/飲酒/再/犯酒駕/認為/身為/藝文界/名人/典範/有/這麼多/才華/浪費/庭/步出/法庭/大樓/接受/採訪/社會/大眾/鞠躬/道歉/表示/身為/公眾人物/做/不良/示範/真/真/不對/用/身/血淋淋/例子/再次/呼籲/大家/喝/酒/碰/方向盤/駕駛座/騎車/很重要/媒體/問到/講座/取消/等/影響/也/表示/社會/大眾/給/懲罰/犯/錯/得/接受/謝謝/大家/審判/長/諭知/宣判庭/本月,udn,社會
31,32,拿/水管/噴灑/鄰居/依/強暴/公然/侮辱/罪處刑,2022-04-12 16:09,/news/story/7321/6233647?from=udn-catebreaknews_ch2,劉姓婦人/鄰居/林婦/素來/睦/底劉婦/涉嫌/持/水管/朝/林婦/身/噴灑/林婦/憤/報警/案/經/地檢署/聲請/簡易/判決/劉婦/依/強暴/罪處刑/水管/噴灑/鄰居/吃/強暴/公然/侮辱/官司/案件/發生/左右/約/歲/劉婦/林婦/隔壁/鄰居關係/雙方/長期/細故/有嫌/隙/劉婦/看到/林婦/站/自家/住處門口/竟/持/水管/朝/林婦身/噴水/林婦氣/得/報警/警方/受理/依法/送辦/警訊/劉婦/坦承/諱/有/監視/器/錄影/截圖/照片/等/證據/地檢署/檢察官/認為/劉婦/特定/人/看得到/場所/持/水管/朝/林婦/身/噴水/方式/侮辱/林婦/貶損/社會/保持/人/格評價/聲譽地位/犯/刑法/強暴/公然/侮辱/罪嫌/依/刑事/訴訟/法/聲請/簡易/判決/處刑/公然/侮辱人/者/依/刑法/規定/處/拘役/以下罰金/強暴/手段/公然/侮辱人/者/依同條/規定/處/有期/徒刑/拘役/以下罰金/有/瓶/裝/頭/淋下/構成/強暴/侮辱罪/地檢署/表示/公然/侮辱罪/指/人/辱罵/嘲笑/侮蔑/方法/限制/用/文字/言詞/只/要/公然/方式/讓/人心理/難堪/不快/減損/聲譽/人格/社會/評價/觸犯/公然/侮辱罪/刑法/謂/強暴/指/身體/直接/間接/施/暴力/言/暴力/行使/貶損/人/格/社會/評價/屬/強暴/行為/劉婦/持/水管/噴灑/身體/屬於/身體施/有/形/力/舉動/人/表示/屑/輕蔑/負面/動作/貶損/人/格/社會/評價/涉/強暴/侮辱罪/高等/法院/分院/易字/也/有/類似/判決/法官/判決/書/指出/謂/強暴/身體/直接/間接/施/暴力/言/被告/持/水管/朝/原告/噴灑/自來水/致原/告頭髮/衣/濕/原告/極為狼狽/狀態/此舉/也/原告/精神/心理/感受/到/難堪/不快/當/屬/貶抑/人/格/名譽/社會/評價/尊嚴/侮辱/動作/朝/人/吐/口水/噴灑/自來水/疑/屬/身體/直接/施加/暴力/強暴/行為,udn,社會
32,33,地檢署/停車/場/尋/開/多槍/檢方/起訴/人,2022-04-12 15:38,/news/story/7315/6233564?from=udn-catebreaknews_ch2,歲/趙姓/男子/市/會/飲酒/葉姓/男子/發生/衝突/趙/砍傷/懷恨/心/找來/票/友人/共商/報復計畫/教唆/友人/擔任/槍手/地檢署/埋伏/趁/交保/走出/地檢署/西側/停車場/持/改造/手槍/朝/葉/轟/槍/逃逸/幸/造成人員/受傷/全案/地檢署/偵查/終結/依/殺人/未遂/槍砲/等/罪嫌/起訴/包含/趙/共/人/檢方/調查/會/飲酒/發生/口角/葉/持/菜刀/砍傷/右上臂/另案/偵辦/警方/拘提/到案/依/殺人/未遂/罪嫌/移送/受傷/亟思/報復/用/手機/傳送/敢/出來/吃/嘴流氓/一定/到/蜂窩/一樣/等/訊息/恐嚇/當/邀集/張姓/洪姓/林姓/呂姓/友人/往其/住處/共商/報復計畫/謀議/一同/到/地檢署/守候/葉/交保/其/開槍/射殺/隨/假借/親友/關心/打電話/地檢署/詢問/解送/情形/到/地檢署/大廳/看/新收/人犯/公告/電子看板/藉/掌握/葉/案件/諭知/結果/張/另/提供/友人/寄藏/改造/手槍/子彈/給/洪姓/林姓/男子/開車/協助/人/犯案/逃逸/開另輛車/載/其兄/警戒/監看/射殺/葉/過程/經/檢方/訊問/交保/其/友人/步行/地檢署/西側/民眾/停車場/洪姓/林姓/男子/見狀/開/槍/林/BMW/轎車/成蜂/窩/流/彈/波及/停放/保/總隊/公務車/地檢署/西側/管制/門框/也/打壞/幸葉/等/人/及時/閃避/受傷/見狀/票/友人/開車/逃亡/檢警/獲/成立/專案/小組/當/趙/洪/等/人/拘提/到案/查扣/槍/彈/法院/聲請/羈押/禁見/法院/訊/准押/洪/張/人/趙/交保/限制/住居/專案/小組/持續/調閱/分析/相關/大數據/資料/洞察/該案/共/犯結構/勾串/新事證/違背/法院/限制/住居/命令/再/持/搜索票/趙/其兄/拘提/到案/法院/聲請/羈押/除/經/法院/諭知/交/保/其餘/人/准/羈押/禁見/檢方/指出/經/許可/攜帶/槍/彈/前往/洽公/民眾/律師/匯/地檢署/西側/民眾/停車場/公然/持/行人/連續/開槍/不僅/目/紀/此舉/動/殺人/犯意/甚堅/行徑/冷血/流/彈/可能/波及/無辜/民眾/嚴重戕/害/社會/治安/損/司法/機關/執法/威/信/惡性/重大/嚴懲/偵查/翻供/進一步/勾/串共犯/虛耗/司法/資源/逸/脫/正當/權利/行使/範圍/犯/態度/不佳/審酌/該案/居於/核心/支配/角色/請求/法院/重/量刑/懲/法,udn,社會
33,34,警局/教官/教/防身/術/報名/免費/授課,2022-04-12 16:17,/news/story/7320/6233669?from=udn-catebreaknews_ch2,警局婦幼隊/增進/女性/自我/保護/意識/提升人/身/安全/應用能力/舉辦/女子/防身/營活動/警局/傳授/女性/防身/術/希望/透過/安全/觀念/傳達/模擬/險境/情境/演練/有效/遏止/犯罪/降低/女性/被害/案件/發生/截/天/有/人/報名/有/興趣/市民/婦幼隊/洽詢/報名/警局婦幼隊/表示/活動/舉辦/女子/防身/營/邀請/居住/歲/歲/女性/報名/課程/包括/防身/術/防身/術/應用/技巧/人體/要/害/危險/情境/模擬/等/課程/警局/專業/教官/傳授/原訂/舉辦/疫情/延期/活動/地點/安排/台中市局/禮堂/希望/透過/教官/專業/讓/民眾/有效/學習/現場/安排/活力/啦啦隊/舞蹈/表演/Q/版/警察/大頭娃娃/防身/營/展開/活動/序幕/活動/結束/頒發/學員/結訓/證書/市警局/專屬/造型/警報器/警報器/價值/近/婦幼隊/說/活動/有/人/報名/預定/名額/人/名額/有限/截止/報名/提醒/有/興趣/市民/提早/報名/洽詢/女子/防身/營/市民/不僅/學習/技能/更/有/視覺/聽覺/雙重/享受/實在/錯/過/值得/蒞臨/一起/同樂/活動/相關/資訊/請/婦幼隊/官網/臉書粉絲/專頁/歡迎/撥/婦幼警察/隊/電話/洽詢,udn,社會
34,35,驚傳/工安意外/歲/工人/20樓/鷹架/墜落/亡,2022-04-12 15:28,/news/story/7320/6233527?from=udn-catebreaknews_ch2,巷/工地/傳出/墜樓/意外/歲/陳姓/工人/疑似/樓/高/鷹架/失足/墜落/臟器/外露/明顯/死亡/消防隊/救護人員/查看/送醫/警方/現場/採證/通報/市政府/勞動/檢查處/派員/到場/調查,udn,社會
35,36,惡廚/邀/飲宴/伺機/猥褻/朋友妻/判/徒刑,2022-04-12 15:27,/news/story/7317/6233526?from=udn-catebreaknews_ch2,呂姓/男子/先前/邀請/朋友/到/家/聚餐/酒/酣耳/熟/際/伺機/女子/事後/強脫/女/褲子/女子/報警/處理/檢警/獲/送辦/士林地/院/審理/依/性騷擾/強制/等/罪/判/徒刑/得/易科/罰金/緩刑/法治/教育/課程/廚師/業/邀/數名/友人/到/住處/飲宴/過夜/包含/友人/當/聚會尾聲/女/廚房/洗/碗筷/趁/獨處/機/用/下體/觸碰/女子臀部/性騷擾/得逞/等到/分/趁/友/婦/入睡/潛入/房/猥褻/女/得逞/再次/邀約/朋友/到/家/聚餐/故技/重施/欲/強脫/女子/褲子/女子/實在/腳/踹飛/報警/呂/犯行/曝光/判決/指出/滿足/性慾/性騷擾/猥褻/女子/惡性/頗重/致/女子心靈/受創/事後/坦承/犯行/女子/和解/賠償/損失/性騷擾/部分/判/徒刑/強制/猥褻/罪/徒刑/得/易科/罰金/緩刑/受/法治/教育,udn,社會
