title,date,paragraph,source,full_text
反送中運動效應新一屆港府擬設青年局 - 聯合報,2022-06-14 17:32,"候任行政長官（特首）李家超今天表示，香港新一屆政府將設立民政及 事務局，專注推動青年發展；外界相信，設立青年局與大批青年參與「 」運動有關。 
李家超在一項活動上致辭說，第6屆特區政府7月1日履新後，將設立民政及青年事務局，專注推動青年發展，制定整體的青年政策和青年發展藍圖，為青年健康成長和多元發展設定政策目標，並協助青年就業、創業和發展。 
 
2019年中香港爆發「反送中」運動，數以萬計青年參與其中上街示威遊行，與防暴警察衝突，為的是爭取民主普選，其後運動出現「港獨」主張。 
對於有大批青年在運動中提出「港獨」口號，北京方面高度關注，認為香港的青年教育出現問題，在制定「港區國安法」予以壓制之餘，也要求港府處理好青年問題 
，為他們創造機會。",udn.com,"反送中運動效應新一屆港府擬設青年局 - 聯合報 候任行政長官（特首）李家超今天表示，香港新一屆政府將設立民政及 事務局，專注推動青年發展；外界相信，設立青年局與大批青年參與「 」運動有關。 
李家超在一項活動上致辭說，第6屆特區政府7月1日履新後，將設立民政及青年事務局，專注推動青年發展，制定整體的青年政策和青年發展藍圖，為青年健康成長和多元發展設定政策目標，並協助青年就業、創業和發展。 
 
2019年中香港爆發「反送中」運動，數以萬計青年參與其中上街示威遊行，與防暴警察衝突，為的是爭取民主普選，其後運動出現「港獨」主張。 
對於有大批青年在運動中提出「港獨」口號，北京方面高度關注，認為香港的青年教育出現問題，在制定「港區國安法」予以壓制之餘，也要求港府處理好青年問題 
，為他們創造機會。"
反送中612行動3週年港人台北集會高喊香港加油 - 聯合報,2022-06-12 19:28,"邊城青年和多個民間團體今天下午舉辦「兄弟爬山，繼續努力」612香港行動集會。期許香港人在各個地方、不同位置上繼續為香港努力，在對抗極權的路上，香港人不會孤單。 
距離2019年6月12日「 」行動剛滿3週年，在台港人團體訴求透過遊行集會，讓香港人面臨的困境不被忘記，期許香港人莫忘初衷、繼續努力。 
這場遊行集會前半段先是遊行，後在信義區的中國銀行台北分行前集結，許多在台香港人身穿黑上衣參加集會。在開場引言後，現場一起大合唱「願榮光歸香港」，後由各方人士接力演說。 
台灣香港協會理事長桑普表示，這樣的集會場合是香港人相互打氣加油的場域，身處世界各地的香港人都關注著彼此，海外連結將讓每個人都體會到香港人為了民主的抗爭精神。 
桑普說，香港人為了民主抗爭付出了很多，自由的台灣一直支撐著香港的自由。移民和難民不同，倘若台灣可以循對待難民途徑採低調、務實方式幫助來台香港人，將是功德無量。 
台北市議員邱威傑說，共軍、共艦持續擾台，以地方民意代表立場，可以做的就是暫緩兩岸交流，在審查台北市政府今年度總預算時有提出但書，「若雙城論壇舉辦前，共機、共艦持續擾台，則本預算不得動支」，否則在共軍、共艦持續擾台的條件下，實在不理解台北市必須跟上海市交流的理由是什麼。 
香港漫畫家柳廣成說，來台香港人正在努力地融入台灣生活，走進別人的土地，必須要繼續努力，擴充才華和實力作個有影響力的人，在各行各業好好表現，長久時間累積下來，就能透過實際成就獲得他人的尊重，也化解他人對於香港人的部分刻板印象或誤解。 
NGO工作者李明哲指出，香港人一直想自己決定香港命運、自己定義香港，從雨傘革命、魚蛋革命到反送中抗暴，香港人用自己勇武的方式告訴全世界香港人的價值不容摧毀。台灣對於香港前途的重視和關懷，不能只是喊喊口號、看看電影，必須用具體行動落實聲援香港。 
",udn.com,"反送中612行動3週年港人台北集會高喊香港加油 - 聯合報 邊城青年和多個民間團體今天下午舉辦「兄弟爬山，繼續努力」612香港行動集會。期許香港人在各個地方、不同位置上繼續為香港努力，在對抗極權的路上，香港人不會孤單。 
距離2019年6月12日「 」行動剛滿3週年，在台港人團體訴求透過遊行集會，讓香港人面臨的困境不被忘記，期許香港人莫忘初衷、繼續努力。 
這場遊行集會前半段先是遊行，後在信義區的中國銀行台北分行前集結，許多在台香港人身穿黑上衣參加集會。在開場引言後，現場一起大合唱「願榮光歸香港」，後由各方人士接力演說。 
台灣香港協會理事長桑普表示，這樣的集會場合是香港人相互打氣加油的場域，身處世界各地的香港人都關注著彼此，海外連結將讓每個人都體會到香港人為了民主的抗爭精神。 
桑普說，香港人為了民主抗爭付出了很多，自由的台灣一直支撐著香港的自由。移民和難民不同，倘若台灣可以循對待難民途徑採低調、務實方式幫助來台香港人，將是功德無量。 
台北市議員邱威傑說，共軍、共艦持續擾台，以地方民意代表立場，可以做的就是暫緩兩岸交流，在審查台北市政府今年度總預算時有提出但書，「若雙城論壇舉辦前，共機、共艦持續擾台，則本預算不得動支」，否則在共軍、共艦持續擾台的條件下，實在不理解台北市必須跟上海市交流的理由是什麼。 
香港漫畫家柳廣成說，來台香港人正在努力地融入台灣生活，走進別人的土地，必須要繼續努力，擴充才華和實力作個有影響力的人，在各行各業好好表現，長久時間累積下來，就能透過實際成就獲得他人的尊重，也化解他人對於香港人的部分刻板印象或誤解。 
NGO工作者李明哲指出，香港人一直想自己決定香港命運、自己定義香港，從雨傘革命、魚蛋革命到反送中抗暴，香港人用自己勇武的方式告訴全世界香港人的價值不容摧毀。台灣對於香港前途的重視和關懷，不能只是喊喊口號、看看電影，必須用具體行動落實聲援香港。 
"
反送中612行動3週年港人台北集會高喊香港加油 - 聯合報,2022-06-12 19:28,"邊城青年和多個民間團體今天下午舉辦「兄弟爬山，繼續努力」612香港行動集會。期許香港人在各個地方、不同位置上繼續為香港努力，在對抗極權的路上，香港人不會孤單。 
距離2019年6月12日「 」行動剛滿3週年，在台港人團體訴求透過遊行集會，讓香港人面臨的困境不被忘記，期許香港人莫忘初衷、繼續努力。 
這場遊行集會前半段先是遊行，後在信義區的中國銀行台北分行前集結，許多在台香港人身穿黑上衣參加集會。在開場引言後，現場一起大合唱「願榮光歸香港」，後由各方人士接力演說。 
台灣香港協會理事長桑普表示，這樣的集會場合是香港人相互打氣加油的場域，身處世界各地的香港人都關注著彼此，海外連結將讓每個人都體會到香港人為了民主的抗爭精神。 
桑普說，香港人為了民主抗爭付出了很多，自由的台灣一直支撐著香港的自由。移民和難民不同，倘若台灣可以循對待難民途徑採低調、務實方式幫助來台香港人，將是功德無量。 
台北市議員邱威傑說，共軍、共艦持續擾台，以地方民意代表立場，可以做的就是暫緩兩岸交流，在審查台北市政府今年度總預算時有提出但書，「若雙城論壇舉辦前，共機、共艦持續擾台，則本預算不得動支」，否則在共軍、共艦持續擾台的條件下，實在不理解台北市必須跟上海市交流的理由是什麼。 
香港漫畫家柳廣成說，來台香港人正在努力地融入台灣生活，走進別人的土地，必須要繼續努力，擴充才華和實力作個有影響力的人，在各行各業好好表現，長久時間累積下來，就能透過實際成就獲得他人的尊重，也化解他人對於香港人的部分刻板印象或誤解。 
NGO工作者李明哲指出，香港人一直想自己決定香港命運、自己定義香港，從雨傘革命、魚蛋革命到反送中抗暴，香港人用自己勇武的方式告訴全世界香港人的價值不容摧毀。台灣對於香港前途的重視和關懷，不能只是喊喊口號、看看電影，必須用具體行動落實聲援香港。 
",udn.com,"反送中612行動3週年港人台北集會高喊香港加油 - 聯合報 邊城青年和多個民間團體今天下午舉辦「兄弟爬山，繼續努力」612香港行動集會。期許香港人在各個地方、不同位置上繼續為香港努力，在對抗極權的路上，香港人不會孤單。 
距離2019年6月12日「 」行動剛滿3週年，在台港人團體訴求透過遊行集會，讓香港人面臨的困境不被忘記，期許香港人莫忘初衷、繼續努力。 
這場遊行集會前半段先是遊行，後在信義區的中國銀行台北分行前集結，許多在台香港人身穿黑上衣參加集會。在開場引言後，現場一起大合唱「願榮光歸香港」，後由各方人士接力演說。 
台灣香港協會理事長桑普表示，這樣的集會場合是香港人相互打氣加油的場域，身處世界各地的香港人都關注著彼此，海外連結將讓每個人都體會到香港人為了民主的抗爭精神。 
桑普說，香港人為了民主抗爭付出了很多，自由的台灣一直支撐著香港的自由。移民和難民不同，倘若台灣可以循對待難民途徑採低調、務實方式幫助來台香港人，將是功德無量。 
台北市議員邱威傑說，共軍、共艦持續擾台，以地方民意代表立場，可以做的就是暫緩兩岸交流，在審查台北市政府今年度總預算時有提出但書，「若雙城論壇舉辦前，共機、共艦持續擾台，則本預算不得動支」，否則在共軍、共艦持續擾台的條件下，實在不理解台北市必須跟上海市交流的理由是什麼。 
香港漫畫家柳廣成說，來台香港人正在努力地融入台灣生活，走進別人的土地，必須要繼續努力，擴充才華和實力作個有影響力的人，在各行各業好好表現，長久時間累積下來，就能透過實際成就獲得他人的尊重，也化解他人對於香港人的部分刻板印象或誤解。 
NGO工作者李明哲指出，香港人一直想自己決定香港命運、自己定義香港，從雨傘革命、魚蛋革命到反送中抗暴，香港人用自己勇武的方式告訴全世界香港人的價值不容摧毀。台灣對於香港前途的重視和關懷，不能只是喊喊口號、看看電影，必須用具體行動落實聲援香港。 
"
香港反送中逾萬人被捕其中逾千人被定罪 - 聯合報,2022-04-27 18:39,"港府保安局說， 反送中運動逾萬人被捕，其中二千八百多人被檢控、一千一百多人被定罪。涉香港 被捕人數有一百七十五人，八人被定罪。 
 
香港 廿七日舉行大會。有議員提出質詢，表示關注涉及二○一九年反修例運動及國安法相關案件的人數。港府保安局局長鄧炳強書面回覆稱，截至今年二月，共一萬二百七十七人涉反修例案件被警方拘捕，當中二千八百零四人被檢控、一千一百七十二人被定罪。 
 
他又稱，截至今年，涉香港國安法被捕人數為一百七十五人，一百一十二人和五間公司被檢控。至今完成審訊的全部八人均已被定罪，另分別有七十八人還押候審和五十九人獲准保釋外出。 
 
鄧炳強表示，截至今年二月廿八日，反修例運動相關違法事件中，另外有九百卅九人的案件仍在審訊中。至於警務處有無相關案件的被還押候審和獲准保釋外出的統計數字，鄧炳強指警方未有備存相關數字資料。 
 
港府保安局又稱，由於相關案件涉及人數較多，牽涉大量用作呈堂證據的影片，故審理時間較長，司法機構過去二年已採用多管齊下措施，盡量優先和加快處理與反修例及國安法案件。截至今年二月，香港各級法院接獲的約二千一百宗反修例案件中，約一千七百宗已結案，餘下約一百九十宗於區域法院審理的案件，當中約百分之八十五已排期於今年至明年開審。各級法院接獲共八十五宗涉國安法的案件，大部分與保釋有關，當中六十四宗已結案。",udn.com,"香港反送中逾萬人被捕其中逾千人被定罪 - 聯合報 港府保安局說， 反送中運動逾萬人被捕，其中二千八百多人被檢控、一千一百多人被定罪。涉香港 被捕人數有一百七十五人，八人被定罪。 
 
香港 廿七日舉行大會。有議員提出質詢，表示關注涉及二○一九年反修例運動及國安法相關案件的人數。港府保安局局長鄧炳強書面回覆稱，截至今年二月，共一萬二百七十七人涉反修例案件被警方拘捕，當中二千八百零四人被檢控、一千一百七十二人被定罪。 
 
他又稱，截至今年，涉香港國安法被捕人數為一百七十五人，一百一十二人和五間公司被檢控。至今完成審訊的全部八人均已被定罪，另分別有七十八人還押候審和五十九人獲准保釋外出。 
 
鄧炳強表示，截至今年二月廿八日，反修例運動相關違法事件中，另外有九百卅九人的案件仍在審訊中。至於警務處有無相關案件的被還押候審和獲准保釋外出的統計數字，鄧炳強指警方未有備存相關數字資料。 
 
港府保安局又稱，由於相關案件涉及人數較多，牽涉大量用作呈堂證據的影片，故審理時間較長，司法機構過去二年已採用多管齊下措施，盡量優先和加快處理與反修例及國安法案件。截至今年二月，香港各級法院接獲的約二千一百宗反修例案件中，約一千七百宗已結案，餘下約一百九十宗於區域法院審理的案件，當中約百分之八十五已排期於今年至明年開審。各級法院接獲共八十五宗涉國安法的案件，大部分與保釋有關，當中六十四宗已結案。"
反送中示威者來台民團籲「庇護居留」 | 兩岸要聞 - 聯合報,2022-03-04 00:31,"多個民間團體昨前往 陳情，要求政府啟動HF177庇護機制，讓在台灣的 反送中示威者得以有一個明確的身分留在台灣。 昨對此回應稱，各主管機關將持續就相關問題研議具體方案作為，精進人道援助工作。 
 
經濟民主連合、香港邊城青年等多個團體昨赴行政院遞交陳情書，呼籲政府立即啟動「HF177庇護居留」，落實依「香港澳門條例」第十八條所執行的援港機制。 
 
據統計，政府透過「台港服務交流辦公室」為百餘名香港反送中示威者提供人道援助。 
 
民團認為，這些獲專案資格的示威者，理應以「香港澳門居民申請在台灣地區居留送件須知」中，因政治因素來台的身分代碼「HF177」申請居留，並可在居留二年後申請定居。「身分代碼HF177」是指因政治因素而致安全及自由受有緊急危害，經陸委會會同有關機關審查通過者。 
 
但目前這些示威者仍以就業、就學的方式在台居留，而依現行法規，港人在台就業，最終仍無法取得定居資格，無緣入籍台灣。 
 
陸委會表示，政府會持續提供港人來台實質的協助。對於港人協助事務，相關機關都會依據人道原則及相關法規處理。",udn.com,"反送中示威者來台民團籲「庇護居留」 | 兩岸要聞 - 聯合報 多個民間團體昨前往 陳情，要求政府啟動HF177庇護機制，讓在台灣的 反送中示威者得以有一個明確的身分留在台灣。 昨對此回應稱，各主管機關將持續就相關問題研議具體方案作為，精進人道援助工作。 
 
經濟民主連合、香港邊城青年等多個團體昨赴行政院遞交陳情書，呼籲政府立即啟動「HF177庇護居留」，落實依「香港澳門條例」第十八條所執行的援港機制。 
 
據統計，政府透過「台港服務交流辦公室」為百餘名香港反送中示威者提供人道援助。 
 
民團認為，這些獲專案資格的示威者，理應以「香港澳門居民申請在台灣地區居留送件須知」中，因政治因素來台的身分代碼「HF177」申請居留，並可在居留二年後申請定居。「身分代碼HF177」是指因政治因素而致安全及自由受有緊急危害，經陸委會會同有關機關審查通過者。 
 
但目前這些示威者仍以就業、就學的方式在台居留，而依現行法規，港人在台就業，最終仍無法取得定居資格，無緣入籍台灣。 
 
陸委會表示，政府會持續提供港人來台實質的協助。對於港人協助事務，相關機關都會依據人道原則及相關法規處理。"
香港回歸25年／專才外流翻倍金融中心大陸化 - 聯合報,2022-07-01 01:03,"就在香港將迎接主權移交廿五周年之際，瑞銀、招銀國際等金融機構均傳數名中高層人員離職。早前也有消息指稱，美國銀行、花旗集團等外資金融機構將部分高階員工調往新加坡，摩根大通、高盛等投資銀行也允許員工轉往澳洲、英美工作。 
 
二○○五年就到香港某外資金融機構任職的台灣人Alex說，過去這段時間，大家身邊都有朋友去了新加坡。 
 
香港金融管理局總裁余偉文日前受訪不諱言，該局去年人員流失率百分之七，高於以往年均百分之三至四。香港證監會主席雷添良也說，證監會去年人員流失率百分之十二，二○二○年為百分之五點一。 
 
香港對國際專業人士的吸引力也在下降。據香港入境事務處資料，香港向外國專業人士發出的簽證數從二○一八年的四萬一千多份，陡降至去年的不足一萬四千份，今年前三個月也只有兩千四百多份。 
 
金融專才紛「棄港」，與二○一九年反送中後香港政治、社會情勢巨變有關？還是二○二○年疫情爆發後，嚴格防疫措施所致？Alex認為是多重因素加乘的結果。 
 
專業人才紛遠離，會否衝擊香港國際金融中心地位？來自香港的淡江大學中國大陸研究所副教授李志強認為，香港民主化進程因國安法受創，人權保障及政治自由也令外界憂心，但無礙維持金融中心地位。 
 
李志強說，對外商而言，穩定的政經環境比民主及人權重要。只要無損經營權利，在港外商不會太計較被限制的「反中」自由。 
 
Alex也認為，只要人民幣還無法自由兌換，香港作為中國大陸金融與資本對外窗口的地位，短時間內不會動搖；只要外資金融機構還想從中國這個全球第二大市場分到一杯羹，就得繼續在香港設有據點。 
 
李志強認為，港版國安法讓部分外資和人才出走香港，但很快會被大陸資本和人員替代。他預期只要中國大陸經濟持續發展，香港仍會是亞洲金融中心。只不過逐漸從「國際化」金融中心變成「大陸化」金融中心。",udn.com,"香港回歸25年／專才外流翻倍金融中心大陸化 - 聯合報 就在香港將迎接主權移交廿五周年之際，瑞銀、招銀國際等金融機構均傳數名中高層人員離職。早前也有消息指稱，美國銀行、花旗集團等外資金融機構將部分高階員工調往新加坡，摩根大通、高盛等投資銀行也允許員工轉往澳洲、英美工作。 
 
二○○五年就到香港某外資金融機構任職的台灣人Alex說，過去這段時間，大家身邊都有朋友去了新加坡。 
 
香港金融管理局總裁余偉文日前受訪不諱言，該局去年人員流失率百分之七，高於以往年均百分之三至四。香港證監會主席雷添良也說，證監會去年人員流失率百分之十二，二○二○年為百分之五點一。 
 
香港對國際專業人士的吸引力也在下降。據香港入境事務處資料，香港向外國專業人士發出的簽證數從二○一八年的四萬一千多份，陡降至去年的不足一萬四千份，今年前三個月也只有兩千四百多份。 
 
金融專才紛「棄港」，與二○一九年反送中後香港政治、社會情勢巨變有關？還是二○二○年疫情爆發後，嚴格防疫措施所致？Alex認為是多重因素加乘的結果。 
 
專業人才紛遠離，會否衝擊香港國際金融中心地位？來自香港的淡江大學中國大陸研究所副教授李志強認為，香港民主化進程因國安法受創，人權保障及政治自由也令外界憂心，但無礙維持金融中心地位。 
 
李志強說，對外商而言，穩定的政經環境比民主及人權重要。只要無損經營權利，在港外商不會太計較被限制的「反中」自由。 
 
Alex也認為，只要人民幣還無法自由兌換，香港作為中國大陸金融與資本對外窗口的地位，短時間內不會動搖；只要外資金融機構還想從中國這個全球第二大市場分到一杯羹，就得繼續在香港設有據點。 
 
李志強認為，港版國安法讓部分外資和人才出走香港，但很快會被大陸資本和人員替代。他預期只要中國大陸經濟持續發展，香港仍會是亞洲金融中心。只不過逐漸從「國際化」金融中心變成「大陸化」金融中心。"
《不割席》記錄反送中論壇揭港人移民恐懼, 最後更新時間：2022/07/01 10:19								,"
 紀錄片《不割席》：「放下槍啊！這些警察很大膽的啊，不要一直拿著你們的槍！」",news.tvbs.com,"《不割席》記錄反送中論壇揭港人移民恐懼 
 紀錄片《不割席》：「放下槍啊！這些警察很大膽的啊，不要一直拿著你們的槍！」"
反送中改變香港政局泛民主派不歸邊難立足 - Tvbs新聞, 最後更新時間：2022/07/01 13:29								,"
 明報早前刊登了對楊森的專訪，他大致說，香港既然已經「止暴制亂」，北京方面就應該放寬對港的態度，讓香港重回2019年前相對開放多元的環境；他同時期望北京中央降低選舉的參選門檻。",news.tvbs.com,"反送中改變香港政局泛民主派不歸邊難立足 - Tvbs新聞 
 明報早前刊登了對楊森的專訪，他大致說，香港既然已經「止暴制亂」，北京方面就應該放寬對港的態度，讓香港重回2019年前相對開放多元的環境；他同時期望北京中央降低選舉的參選門檻。"
【觀點】香港反送中遊行的哀愁 - Tvbs新聞, 最後更新時間：2019/06/10 09:27								,"
 進一步比較香港回歸後的大型社會抗議運動可以發現，佔中運動雖然浩浩蕩蕩引起世界關注，但向北京爭取普選，仍有許多港人沒有給予支持，因為基本法規定普選要循序漸進，所以部分港人認為還沒有給的不應強求。但2003年的七一遊行反對「23條」立法，跟這次遊行反對「送中條例」，都是因為港人認為他們可能被剝奪既有的權利，因此他們要積極上街捍衛現狀。",news.tvbs.com,"【觀點】香港反送中遊行的哀愁 - Tvbs新聞 
 進一步比較香港回歸後的大型社會抗議運動可以發現，佔中運動雖然浩浩蕩蕩引起世界關注，但向北京爭取普選，仍有許多港人沒有給予支持，因為基本法規定普選要循序漸進，所以部分港人認為還沒有給的不應強求。但2003年的七一遊行反對「23條」立法，跟這次遊行反對「送中條例」，都是因為港人認為他們可能被剝奪既有的權利，因此他們要積極上街捍衛現狀。"
普立茲新聞攝影獎／香港人民走上街頭爭取自由與民主, 最後更新時間：2022/07/04 13:23								,"
   這是一張由路透社攝影記者蕭文超2019年在香港街頭拍下的照片，精準傳達出抗爭者正在大聲吶喊，尋求夥伴和律師的協助；圖片中的女性，因為參與抗爭而被警察用盾牌壓制在地，表情雖然痛苦、卻讓拍攝她的攝影記者留下永恆的記憶。",news.tvbs.com,"普立茲新聞攝影獎／香港人民走上街頭爭取自由與民主 
   這是一張由路透社攝影記者蕭文超2019年在香港街頭拍下的照片，精準傳達出抗爭者正在大聲吶喊，尋求夥伴和律師的協助；圖片中的女性，因為參與抗爭而被警察用盾牌壓制在地，表情雖然痛苦、卻讓拍攝她的攝影記者留下永恆的記憶。"
觀點／香港回歸25週年一國兩制已成有名無實 - Tvbs新聞, 最後更新時間：2022/07/04 11:37								,"
 中國國家主席習近平偕妻子彭麗媛搭高鐵到深圳再到香港參加七月一號回歸25週年，這是他自從疫情發生後第一次到大陸之外，顯見重要性。但為了安全，只一天來回香港，不過夜。上次席近平訪問香港則是五年前香港慶祝回歸20年。警察背景出身的李家超也剛上任成為的香港特首，爭議性大的林鄭月娥則終於卸任。 習近平在香港的一舉一動都是國際的焦點，他七月一號的演說提醒了大家香港被西方殖民的歷史，並強調香港對中國改革開放的貢獻，以及一國兩制的成功。當時香港從英國回歸中國後，國際上不確定香港的未來，中國在初期為了加入世界貿易組織（WTO）遵守了一國兩制，讓香港向來發達的金融業隨著中國大陸經濟的發展，使國際資本更加重在香港的佈局，方便投資中國資本市場，也幫助發展中國當時還不成熟的資本市場。金融危機之前，香港的經濟隨著大陸的成長也受益良多。 習近平的演講也一再強調一國兩制是港澳居民擁護的，國際社會贊同，不會改變，但必須全面確保不走樣，而且最高原則是維護國家主權，中央政府對特別行政區有管制權。在我看來，就是說明了北京統治最高權，香港若是聽話，就有自主權。在自治權方面，本來回歸前承諾的香港人民的普遍投票權以及特首直接選舉權，似乎隨著金融危機的發生，中國自身的崛起以及對西方資本和民主的懷疑，北京反而對香港另有了「長期打算 充分利用」的看法。 習近平也說了他的四個希望，第一是把香港治理好，把握好政府和市場的關係。第二是加強發展動能，粵港澳大灣區建設，並且要去除藩籬。第三是改進人民生活，強調公平的原則。第四要維護和諧穩定，不能亂。其實說的都是過去幾年來的香港社會問題，貧富差異過大，港人尤其是年輕人對未來悲觀，以及暗示香港政府過去治理的不力。 我們知道過去25年來，中國大陸經濟的發展讓香港和中國的關係更密切，尤其在人民生活上，大量的人民互相往來也造成更多的摩擦，從2014年的「和平佔中」到2019-2020年的大型「反送中」示威，其實都是人民對生活的不滿上升到對香港政府以及北京的不滿，加上特首林鄭月娥不當的處理讓人民覺得北京施壓不合理，爆發衝突，國際上的反應更讓北京擔心外國勢力干涉，造成強烈的反應，最終2020年的香港特區國家安全法基本上改變了香港自主的命運，一國兩制只成了有名無實。 回顧25年來的香港，不禁讓人感嘆。習近平對香港的講話如同家長對孩子的態度，一再提醒大家中國祖國歷史，以及一國兩制所保障香港的特殊地位，但前提是承認北京的最高統治權，並且要愛國。他的談話也讓大家聯想到台灣的未來。  ",news.tvbs.com,"觀點／香港回歸25週年一國兩制已成有名無實 - Tvbs新聞 
 中國國家主席習近平偕妻子彭麗媛搭高鐵到深圳再到香港參加七月一號回歸25週年，這是他自從疫情發生後第一次到大陸之外，顯見重要性。但為了安全，只一天來回香港，不過夜。上次席近平訪問香港則是五年前香港慶祝回歸20年。警察背景出身的李家超也剛上任成為的香港特首，爭議性大的林鄭月娥則終於卸任。 習近平在香港的一舉一動都是國際的焦點，他七月一號的演說提醒了大家香港被西方殖民的歷史，並強調香港對中國改革開放的貢獻，以及一國兩制的成功。當時香港從英國回歸中國後，國際上不確定香港的未來，中國在初期為了加入世界貿易組織（WTO）遵守了一國兩制，讓香港向來發達的金融業隨著中國大陸經濟的發展，使國際資本更加重在香港的佈局，方便投資中國資本市場，也幫助發展中國當時還不成熟的資本市場。金融危機之前，香港的經濟隨著大陸的成長也受益良多。 習近平的演講也一再強調一國兩制是港澳居民擁護的，國際社會贊同，不會改變，但必須全面確保不走樣，而且最高原則是維護國家主權，中央政府對特別行政區有管制權。在我看來，就是說明了北京統治最高權，香港若是聽話，就有自主權。在自治權方面，本來回歸前承諾的香港人民的普遍投票權以及特首直接選舉權，似乎隨著金融危機的發生，中國自身的崛起以及對西方資本和民主的懷疑，北京反而對香港另有了「長期打算 充分利用」的看法。 習近平也說了他的四個希望，第一是把香港治理好，把握好政府和市場的關係。第二是加強發展動能，粵港澳大灣區建設，並且要去除藩籬。第三是改進人民生活，強調公平的原則。第四要維護和諧穩定，不能亂。其實說的都是過去幾年來的香港社會問題，貧富差異過大，港人尤其是年輕人對未來悲觀，以及暗示香港政府過去治理的不力。 我們知道過去25年來，中國大陸經濟的發展讓香港和中國的關係更密切，尤其在人民生活上，大量的人民互相往來也造成更多的摩擦，從2014年的「和平佔中」到2019-2020年的大型「反送中」示威，其實都是人民對生活的不滿上升到對香港政府以及北京的不滿，加上特首林鄭月娥不當的處理讓人民覺得北京施壓不合理，爆發衝突，國際上的反應更讓北京擔心外國勢力干涉，造成強烈的反應，最終2020年的香港特區國家安全法基本上改變了香港自主的命運，一國兩制只成了有名無實。 回顧25年來的香港，不禁讓人感嘆。習近平對香港的講話如同家長對孩子的態度，一再提醒大家中國祖國歷史，以及一國兩制所保障香港的特殊地位，但前提是承認北京的最高統治權，並且要愛國。他的談話也讓大家聯想到台灣的未來。  "
特首無視「反送中」堅修法！港企業怒了12日罷工抗惡法,,,setn.com,特首無視「反送中」堅修法！港企業怒了12日罷工抗惡法 nan
今反送中3週年！《時代革命》刷台影史！團隊34字訴心境| 政治,,,setn.com,今反送中3週年！《時代革命》刷台影史！團隊34字訴心境| 政治 nan
反送中／香港政府未回應5大訴求！今日「三罷」登場 - 三立新聞,,,setn.com,反送中／香港政府未回應5大訴求！今日「三罷」登場 - 三立新聞 nan
反送中／香港政府未回應5大訴求！今日「三罷」登場 - 三立新聞,,,setn.com,反送中／香港政府未回應5大訴求！今日「三罷」登場 - 三立新聞 nan
反送中／香港政府未回應5大訴求！今日「三罷」登場 - 三立新聞,,,setn.com,反送中／香港政府未回應5大訴求！今日「三罷」登場 - 三立新聞 nan
反送中大事件回顧／香港人忍無可忍用血淚寫歷史震撼全球,,,setn.com,反送中大事件回顧／香港人忍無可忍用血淚寫歷史震撼全球 nan
反送中大事件回顧／香港人忍無可忍用血淚寫歷史震撼全球,,,setn.com,反送中大事件回顧／香港人忍無可忍用血淚寫歷史震撼全球 nan
反送中大事件回顧／香港人忍無可忍用血淚寫歷史震撼全球,,,setn.com,反送中大事件回顧／香港人忍無可忍用血淚寫歷史震撼全球 nan
習近平喊要「特別關愛港青」！分析：香港年輕人最不滿北京,,,setn.com,習近平喊要「特別關愛港青」！分析：香港年輕人最不滿北京 nan
反送中》扯！運將衝撞示威人群親中派竟發200萬慰問金,"
    2019/10/11 11:22",〔即時新聞／綜合報導〕中共獎勵人民對示威者動手？香港反送中運動風起雲湧，港府訂立《禁蒙面法》試圖反制，卻引起更大的抗議聲浪。一群市民於6日走上街頭時，竟遭計程車衝撞導致3人受傷、其中1名女孩左腳嚴重骨折，而小黃運將當時也被拉出來毆打，但送醫後不僅有中共官員前去探視，親中派的守護香港大聯盟也承諾捐款52萬港元（約新台幣203萬元）支援運將。 據香港親共媒體 報導，鄭姓計程車司機於6日下午行經長沙灣道和欽州街路口時，見到抗議人群阻塞道路，離開時竟暴衝撞向人行道。鄭男隨後遭拖出毆打，送醫治療後目前由警方保護他與家屬的人身安全。 中共全國政協委員黃英豪、港區全國人大代表吳秋北聽聞此事，8日前往醫院探視鄭姓司機，鄭男女兒出面接受中共官員的慰問品和卡片。由香港親建制派成立的「守護香港大聯盟」更展開募款，答應會捐出52萬港元來幫忙運將。 此事在香港引起一片譁然，立法會議員莫乃光更痛批「文匯報嘉獎52萬元給撞向人群使少女斷腳的士司機」。 對此立即澄清，直說52萬元不是《文匯報》送的，而是守護香港大聯盟募款而來的。,ltn.com,反送中》扯！運將衝撞示威人群親中派竟發200萬慰問金 〔即時新聞／綜合報導〕中共獎勵人民對示威者動手？香港反送中運動風起雲湧，港府訂立《禁蒙面法》試圖反制，卻引起更大的抗議聲浪。一群市民於6日走上街頭時，竟遭計程車衝撞導致3人受傷、其中1名女孩左腳嚴重骨折，而小黃運將當時也被拉出來毆打，但送醫後不僅有中共官員前去探視，親中派的守護香港大聯盟也承諾捐款52萬港元（約新台幣203萬元）支援運將。 據香港親共媒體 報導，鄭姓計程車司機於6日下午行經長沙灣道和欽州街路口時，見到抗議人群阻塞道路，離開時竟暴衝撞向人行道。鄭男隨後遭拖出毆打，送醫治療後目前由警方保護他與家屬的人身安全。 中共全國政協委員黃英豪、港區全國人大代表吳秋北聽聞此事，8日前往醫院探視鄭姓司機，鄭男女兒出面接受中共官員的慰問品和卡片。由香港親建制派成立的「守護香港大聯盟」更展開募款，答應會捐出52萬港元來幫忙運將。 此事在香港引起一片譁然，立法會議員莫乃光更痛批「文匯報嘉獎52萬元給撞向人群使少女斷腳的士司機」。 對此立即澄清，直說52萬元不是《文匯報》送的，而是守護香港大聯盟募款而來的。
社論》聲援香港「反送中」大遊行 - 自由評論網,2019/06/11 05:30,,ltn.com,社論》聲援香港「反送中」大遊行 - 自由評論網 nan
反送中》創造干預香港條件？ 中國媒體發動假新聞攻勢 - 自由時報,"
    2019/08/11 22:40",〔編譯孫宇青／綜合報導〕香港「反送中」運動一發不可收拾，逐漸帶給北京當局龐大壓力。英國「衛報」11日指出，中國媒體已拋開對香港示威不報導、不評論、全面封鎖消息的作法，改為無所不用其極地扭曲、竄改、抹黑，並帶動輿論，似乎是為北京出手干預香港創造條件。 報導指出，中國民眾對「反送中」運動的認知宛如活在「平行時空」，當港人10日在大埔、紅磡、沙田、尖沙咀等地示威時，中國官媒《人民日報》在其微信公眾號上發文，指香港社會全體呼籲停止暴力；而當香港赤鱲角機場9日起一連3天舉行「萬人接機，香港歡迎您」和平靜坐集會，中國媒體也僅在微博張貼一名民眾對示威者怒吼「只想要香港安全」的影片。 中媒對香港的和平示威隻字不提，均以「暴動」形容，並刻意不談港人針對「逃犯條例」提出的五大訴求，而是宣稱其背後有「邪惡外國勢力」煽動，企圖推動港獨、消滅「一國兩制」。此外，中媒播放的畫面都是示威者投擲磚頭、嘲弄警察、包圍警署，而警察濫射催淚彈、胡椒噴霧，縱容疑似黑道人士離場，對民眾執法不當或情緒失控等問題，卻一律被略過。 觀察家指出，中媒在此事上態度大轉彎，可能是為北京或港府即將嚴厲對付示威者，或趁此機會推動北京對港意志鋪路。香港中文大學新聞與傳播學院學者方可成表示，當示威和遊行和平進行時，中國宣傳機構「沒什麼好說的」，但隨著暴力事件接連發生，中媒就「嗅到機會」，準備加以誇大，並煽動中國人的民族情緒。 儘管大多數中國人在未通曉來龍去脈下，對官媒說法深信不疑，但仍有少數人試圖分享更能傳達真相的文章和影片，但一概被刪除及封鎖。一名Z小姐坦言，香港人反對「逃犯條例」是因為不相信中國司法系統，「所以他們（中國政府）怎麼可能讓14億人知道真相？」她也說，反對不合理之事很常見，但在中國這麼做卻很反常。,ltn.com,反送中》創造干預香港條件？ 中國媒體發動假新聞攻勢 - 自由時報 〔編譯孫宇青／綜合報導〕香港「反送中」運動一發不可收拾，逐漸帶給北京當局龐大壓力。英國「衛報」11日指出，中國媒體已拋開對香港示威不報導、不評論、全面封鎖消息的作法，改為無所不用其極地扭曲、竄改、抹黑，並帶動輿論，似乎是為北京出手干預香港創造條件。 報導指出，中國民眾對「反送中」運動的認知宛如活在「平行時空」，當港人10日在大埔、紅磡、沙田、尖沙咀等地示威時，中國官媒《人民日報》在其微信公眾號上發文，指香港社會全體呼籲停止暴力；而當香港赤鱲角機場9日起一連3天舉行「萬人接機，香港歡迎您」和平靜坐集會，中國媒體也僅在微博張貼一名民眾對示威者怒吼「只想要香港安全」的影片。 中媒對香港的和平示威隻字不提，均以「暴動」形容，並刻意不談港人針對「逃犯條例」提出的五大訴求，而是宣稱其背後有「邪惡外國勢力」煽動，企圖推動港獨、消滅「一國兩制」。此外，中媒播放的畫面都是示威者投擲磚頭、嘲弄警察、包圍警署，而警察濫射催淚彈、胡椒噴霧，縱容疑似黑道人士離場，對民眾執法不當或情緒失控等問題，卻一律被略過。 觀察家指出，中媒在此事上態度大轉彎，可能是為北京或港府即將嚴厲對付示威者，或趁此機會推動北京對港意志鋪路。香港中文大學新聞與傳播學院學者方可成表示，當示威和遊行和平進行時，中國宣傳機構「沒什麼好說的」，但隨著暴力事件接連發生，中媒就「嗅到機會」，準備加以誇大，並煽動中國人的民族情緒。 儘管大多數中國人在未通曉來龍去脈下，對官媒說法深信不疑，但仍有少數人試圖分享更能傳達真相的文章和影片，但一概被刪除及封鎖。一名Z小姐坦言，香港人反對「逃犯條例」是因為不相信中國司法系統，「所以他們（中國政府）怎麼可能讓14億人知道真相？」她也說，反對不合理之事很常見，但在中國這麼做卻很反常。
反送中》香港大專學界：明17時前回應訴求否則抗爭升級,"
    2019/06/19 14:48",〔即時新聞／綜合報導〕香港6所大專學生會今（19）日表示，對於政府處理《逃犯條例》修訂案的手法非常不滿，也不會接受特首林鄭月娥沒有誠意的道歉。要求政府在明日下午5點前回應大專學界提出的4大訴求，否則抗爭行動將會升級。 綜合香港媒體報導，香港中文大學、科技大學、城市大學、教育大學、演藝學院、恒生大學等6所大專院校的學生會，今天共同召開記者會。中文大學學生會會長蘇浚鋒表示，對於特首昨天再度出面所給出的回應感到失望及憤怒，認為特首的道歉毫無誠意，不僅是打官腔，更是將責任通通推卸給警方。 蘇浚鋒指出，大專學界4大訴求包括撤回修例、撤回對12日金鐘衝突的暴動定性、追究警方12日當天濫用暴力、釋放且不起訴被捕的示威者。若政府無法在20日下午5點前回應此4項訴求，會呼籲市民於21日包圍政府總部，以和平方式表達訴求。 蘇浚鋒強調，不會鼓吹任何暴力行為，但若21日當天出現暴力行為，亦不譴責、不割蓆（指與暴力行為者切割）。同時，學界也會支持民間發起之不合作運動，例如癱瘓港鐵等。 而根據港媒《立場新聞》報導，多個「反送中」相關的通訊軟體群組已經廣泛傳播這些訴求，以及21日抗爭行動升級的消息。香港著名網路討論區「連登」（LIHKG）也出現名為「抗爭者致香港市民道歉聲明」的文章，呼籲一般市民盡量避免在20、21日前往金鐘政府總部一帶。,ltn.com,反送中》香港大專學界：明17時前回應訴求否則抗爭升級 〔即時新聞／綜合報導〕香港6所大專學生會今（19）日表示，對於政府處理《逃犯條例》修訂案的手法非常不滿，也不會接受特首林鄭月娥沒有誠意的道歉。要求政府在明日下午5點前回應大專學界提出的4大訴求，否則抗爭行動將會升級。 綜合香港媒體報導，香港中文大學、科技大學、城市大學、教育大學、演藝學院、恒生大學等6所大專院校的學生會，今天共同召開記者會。中文大學學生會會長蘇浚鋒表示，對於特首昨天再度出面所給出的回應感到失望及憤怒，認為特首的道歉毫無誠意，不僅是打官腔，更是將責任通通推卸給警方。 蘇浚鋒指出，大專學界4大訴求包括撤回修例、撤回對12日金鐘衝突的暴動定性、追究警方12日當天濫用暴力、釋放且不起訴被捕的示威者。若政府無法在20日下午5點前回應此4項訴求，會呼籲市民於21日包圍政府總部，以和平方式表達訴求。 蘇浚鋒強調，不會鼓吹任何暴力行為，但若21日當天出現暴力行為，亦不譴責、不割蓆（指與暴力行為者切割）。同時，學界也會支持民間發起之不合作運動，例如癱瘓港鐵等。 而根據港媒《立場新聞》報導，多個「反送中」相關的通訊軟體群組已經廣泛傳播這些訴求，以及21日抗爭行動升級的消息。香港著名網路討論區「連登」（LIHKG）也出現名為「抗爭者致香港市民道歉聲明」的文章，呼籲一般市民盡量避免在20、21日前往金鐘政府總部一帶。
50萬港人今上街反送中惡法 - 自由時報,"
    2019/06/09 05:30",ãç·¨è­¯é­åéï¼ç¶åå ±å°ãé¦æ¸¯ç¹¼åå«è¬äººåæ¥ç¾èº«è¿½æ¼å¤©å®éå± æ®ºåé±å¹´ç´å¿µä¹å¾ï¼è·¯éå«æ¥å ±å°ï¼é è¨æè³å°äºåè¬æ¸¯äººä¹æ¥å°åèãåéä¸­ãå¤§éè¡ï¼å¸æè¿«ä½¿é¦æ¸¯æ¿åºæ¤é·åè¨±å«ç¯è¢«å¼æ¸¡è³ä¸­ååå¯©çéç¯æ¢ä¾ä¿®æ­£æ¡ãå ±å°æåºï¼éå°æ¯é¦æ¸¯èªäºââä¸å¹´ä¿ä½¿æ¸¯åºæ±ç½®åºæ¬æ³ç¬¬å»¿ä¸æ¢ç«æ³çä¸ä¸å¤§éè¡ä»¥ä¾ï¼è¦æ¨¡æå¤§çéè¡æ´»åã è©²éè¡ççµé»æ¯é¦æ¸¯ç«æ³æï¼éç¯æ¢ä¾ä¿®è¨èæ¡åäºæ¥å°å¨ç«æ³æé²è¡äºè®è¾¯è«ï¼ä¸¦é å®æ¼æ¬æåºåééãå°è©²æ¢ä¾ççæ®ï¼å¾é¦æ¸¯çæ°ä¸»èäººæ¬åé«ï¼æ´æ£å°ä¸­å­¸çãåªé«ãææåé«ãåæ¥­å¾å¸«ä»¥åå¿æç´è§¸æ¿åºçè¦ªå»ºå¶æ´¾äººç©ã é¦æ¸¯æ¿è«éèªãéæ¾ãå·è¡ç·¨è¼¯è¡æ³³æ¢åè¨´ç¶²è·¯åªé«ãé¦æ¸¯01ãï¼ãéæ¬¡éè¡ä¸æ¯æ°ä¸»æ´¾åå¡çï¼èæ¯æ¯åé¦æ¸¯äººé½æè¦ºå¦æèªå·±ä¸åºä¾ï¼åæ¼ææ¼çèªç±é½æ²æäºãï¼ãå¤§å®¶çæ­£æ¯ææ¼äºï¼å¦æå¼æ¸¡æ¢ä¾æåï¼é¦æ¸¯å°±èæ²ææ³æ²»çä¸­åä¸æ¨£çå±¤æ¬¡äºããä»å¼·èª¿ï¼ãä¸­å±å¦¥åçå¯è½æ§å¾å°ï¼ä½æåéæ¯è¦ä¸è¡ï¼æè¦ºå¾éæ¯èæ°´ä¸æ°ãã äºâä¸åå¹´ç¼èµ·å¬æ°æå½ä½ä¸­éåèé­å¤åçé¦æ¸¯å¤§å­¸æ³å¾ç³»å¯æææ´èå»·ï¼å«æ¥å¨çä¸­å¼ç±²æ°ç¾åèéè¡ï¼ä»å¯«éãéä¸­æ¢ä¾æ­£æ¯é¦æ¸¯ç¶åæå¤§çå¨èï¼ä¸æ¦ééï¼é¦æ¸¯æåéçºä¸åä¸å¶ãï¼ãå æ­¤å¿é è¶èéææ©æï¼å¤§è²å°åä¸­å±åç¹åçå¨æ¬çµ±æ²»èªªãä¸ãï¼ãé¦æ¸¯ç«æ³ææ°ä¸»é»¨è­°å¡æ¶è¬¹ç³è¡¨ç¤ºï¼è¥éè¡æ°ç¾è¸´èºï¼å°å¯è½åæé¦æ¸¯æ¿åºï¼ä¸¦è¿«ä½¿æ¸¯åºä¸æï¼ãäººåççæè­å°éæ¯é¦æ¸¯çä¸åè½æ©é»ãã é¦æ¸¯ç¹é¦æé­æå¨¥åå¶å®å¡ä¸åå¼·èª¿ï¼ä»»ä½é¢è¨æ¿æ²»ãå®æå£è¿«ä»¥åæ­»åçäººï¼é½ä¸æè¢«å¼æ¸¡å°ä¸­ååå¯©ï¼ç¶èæ ¹æè©²æ³æ¡ï¼ç«æ³æç¡æ³ç£ç£å¼æ¸¡å®æï¼èç±ç¹é¦ç°½ç½²å¼æ¸¡ï¼ä¸¦ç±æ³åº­è£æ±ºï¼æ¸¯åºå ç¨±æ³å®å°æ®æ¼ãå®éå¡ãè§è²ãä¸éï¼ä¸äºè³æ·±æ³å®å·²å°ç¸éæ¹è®è¡¨éæ·±åæå¿ï¼å­æ¥ä¸¦æè¿ä¸ååæ³çäººå£«ç©¿èé»è¡£éè¡ï¼åå°ä¿®è¨è©²æ¢ä¾ã ä¸åå¦æ­¤ï¼ç¾åååå¿é¾ç®æ­åå¾·åèè±åå¤é·å·²è²æåå°è©²æ¢ä¾ï¼èåä¸åæ­çä»£è¡¨åèæé­æé¢ï¼æ­£å¼æåºå¤äº¤ç§æãåæ¥­å¾å¸«ä»»å»ºå³°æåºï¼éæ¯èªä¸»æ¬ç§»äº¤ä¸­åä»¥ä¾ï¼æ¸¯åºé¦åº¦å°åéç¤¾ç¾¤èå¨å°åæ¥­ç¤¾ç¾¤çææ®ä¸å çæã é¦æ¸¯ç¶²è·¯åªé«ãç«å ´æ°èãå ±å°ï¼å ææé»å½±ãæéæè©±è¦èªªãèè¢«æ§é¡è¦åå®¶æ¿æ¬ç½ªãæµäº¡é¦æ¸¯çä¸­åå°æ¼æäº®è¡¨ç¤ºï¼å¦ææ¢ä¾ééï¼ä»åªè½é¢éé¦æ¸¯åæ¬¡æµäº¡ï¼ãæè¦ºå¾éä»¶äºææç¼çï¼å¯æ²æ³éç¼çå¾ééº¼æ©ããæäº®èªªï¼ä»æ´æå¿çæ¯é¦æ¸¯äººæ°ï¼ãæä¸åäººçèå¢å°è®æç¾äººçèå¢â¦é£æ¯ä¸å¬å¹³çãã,ltn.com,50萬港人今上街反送中惡法 - 自由時報 ãç·¨è­¯é­åéï¼ç¶åå ±å°ãé¦æ¸¯ç¹¼åå«è¬äººåæ¥ç¾èº«è¿½æ¼å¤©å®éå± æ®ºåé±å¹´ç´å¿µä¹å¾ï¼è·¯éå«æ¥å ±å°ï¼é è¨æè³å°äºåè¬æ¸¯äººä¹æ¥å°åèãåéä¸­ãå¤§éè¡ï¼å¸æè¿«ä½¿é¦æ¸¯æ¿åºæ¤é·åè¨±å«ç¯è¢«å¼æ¸¡è³ä¸­ååå¯©çéç¯æ¢ä¾ä¿®æ­£æ¡ãå ±å°æåºï¼éå°æ¯é¦æ¸¯èªäºââä¸å¹´ä¿ä½¿æ¸¯åºæ±ç½®åºæ¬æ³ç¬¬å»¿ä¸æ¢ç«æ³çä¸ä¸å¤§éè¡ä»¥ä¾ï¼è¦æ¨¡æå¤§çéè¡æ´»åã è©²éè¡ççµé»æ¯é¦æ¸¯ç«æ³æï¼éç¯æ¢ä¾ä¿®è¨èæ¡åäºæ¥å°å¨ç«æ³æé²è¡äºè®è¾¯è«ï¼ä¸¦é å®æ¼æ¬æåºåééãå°è©²æ¢ä¾ççæ®ï¼å¾é¦æ¸¯çæ°ä¸»èäººæ¬åé«ï¼æ´æ£å°ä¸­å­¸çãåªé«ãææåé«ãåæ¥­å¾å¸«ä»¥åå¿æç´è§¸æ¿åºçè¦ªå»ºå¶æ´¾äººç©ã é¦æ¸¯æ¿è«éèªãéæ¾ãå·è¡ç·¨è¼¯è¡æ³³æ¢åè¨´ç¶²è·¯åªé«ãé¦æ¸¯01ãï¼ãéæ¬¡éè¡ä¸æ¯æ°ä¸»æ´¾åå¡çï¼èæ¯æ¯åé¦æ¸¯äººé½æè¦ºå¦æèªå·±ä¸åºä¾ï¼åæ¼ææ¼çèªç±é½æ²æäºãï¼ãå¤§å®¶çæ­£æ¯ææ¼äºï¼å¦æå¼æ¸¡æ¢ä¾æåï¼é¦æ¸¯å°±èæ²ææ³æ²»çä¸­åä¸æ¨£çå±¤æ¬¡äºããä»å¼·èª¿ï¼ãä¸­å±å¦¥åçå¯è½æ§å¾å°ï¼ä½æåéæ¯è¦ä¸è¡ï¼æè¦ºå¾éæ¯èæ°´ä¸æ°ãã äºâä¸åå¹´ç¼èµ·å¬æ°æå½ä½ä¸­éåèé­å¤åçé¦æ¸¯å¤§å­¸æ³å¾ç³»å¯æææ´èå»·ï¼å«æ¥å¨çä¸­å¼ç±²æ°ç¾åèéè¡ï¼ä»å¯«éãéä¸­æ¢ä¾æ­£æ¯é¦æ¸¯ç¶åæå¤§çå¨èï¼ä¸æ¦ééï¼é¦æ¸¯æåéçºä¸åä¸å¶ãï¼ãå æ­¤å¿é è¶èéææ©æï¼å¤§è²å°åä¸­å±åç¹åçå¨æ¬çµ±æ²»èªªãä¸ãï¼ãé¦æ¸¯ç«æ³ææ°ä¸»é»¨è­°å¡æ¶è¬¹ç³è¡¨ç¤ºï¼è¥éè¡æ°ç¾è¸´èºï¼å°å¯è½åæé¦æ¸¯æ¿åºï¼ä¸¦è¿«ä½¿æ¸¯åºä¸æï¼ãäººåççæè­å°éæ¯é¦æ¸¯çä¸åè½æ©é»ãã é¦æ¸¯ç¹é¦æé­æå¨¥åå¶å®å¡ä¸åå¼·èª¿ï¼ä»»ä½é¢è¨æ¿æ²»ãå®æå£è¿«ä»¥åæ­»åçäººï¼é½ä¸æè¢«å¼æ¸¡å°ä¸­ååå¯©ï¼ç¶èæ ¹æè©²æ³æ¡ï¼ç«æ³æç¡æ³ç£ç£å¼æ¸¡å®æï¼èç±ç¹é¦ç°½ç½²å¼æ¸¡ï¼ä¸¦ç±æ³åº­è£æ±ºï¼æ¸¯åºå ç¨±æ³å®å°æ®æ¼ãå®éå¡ãè§è²ãä¸éï¼ä¸äºè³æ·±æ³å®å·²å°ç¸éæ¹è®è¡¨éæ·±åæå¿ï¼å­æ¥ä¸¦æè¿ä¸ååæ³çäººå£«ç©¿èé»è¡£éè¡ï¼åå°ä¿®è¨è©²æ¢ä¾ã ä¸åå¦æ­¤ï¼ç¾åååå¿é¾ç®æ­åå¾·åèè±åå¤é·å·²è²æåå°è©²æ¢ä¾ï¼èåä¸åæ­çä»£è¡¨åèæé­æé¢ï¼æ­£å¼æåºå¤äº¤ç§æãåæ¥­å¾å¸«ä»»å»ºå³°æåºï¼éæ¯èªä¸»æ¬ç§»äº¤ä¸­åä»¥ä¾ï¼æ¸¯åºé¦åº¦å°åéç¤¾ç¾¤èå¨å°åæ¥­ç¤¾ç¾¤çææ®ä¸å çæã é¦æ¸¯ç¶²è·¯åªé«ãç«å ´æ°èãå ±å°ï¼å ææé»å½±ãæéæè©±è¦èªªãèè¢«æ§é¡è¦åå®¶æ¿æ¬ç½ªãæµäº¡é¦æ¸¯çä¸­åå°æ¼æäº®è¡¨ç¤ºï¼å¦ææ¢ä¾ééï¼ä»åªè½é¢éé¦æ¸¯åæ¬¡æµäº¡ï¼ãæè¦ºå¾éä»¶äºææç¼çï¼å¯æ²æ³éç¼çå¾ééº¼æ©ããæäº®èªªï¼ä»æ´æå¿çæ¯é¦æ¸¯äººæ°ï¼ãæä¸åäººçèå¢å°è®æç¾äººçèå¢â¦é£æ¯ä¸å¬å¹³çãã
台灣青年挺香港反送中今晚前往經貿辦事處聲援 - 自由時報,"
    2019/06/10 14:14",〔記者吳柏軒／台北報導〕香港「反送中」遊行昨有逾百萬名港人上街，深夜更爆發警民衝突，有上百人遭逮捕，為了聲援香港、排斥中共箝制自由，台灣青年也發起聲援行動，包含台大學生會、太陽花學運要角林飛帆等都將在今晚6點前往香港在台經貿辦事處，聲援港民，捍衛共同的基本人權。 該活動由台大學生會長吳奕柔、成大學生會長陳估熊及台獨青年羅宜集結學生來共同發起，並邀請島國前進發起人林飛帆（太陽花學運學生領袖之一）到場，台灣青年將在晚間6點齊聚台北市的香港經濟貿易文化辦事處，聲援香港活動。 發起學生呼籲，台灣人須一同正視，香港的送中條例不僅危害赴港的台灣人安危，更指出中國的司法系統不符國際人權標準，並實際上侵害香港的司法獨立自主。 台灣青年訴求，要香港政府須順應香港民意，退回送中條例；並呼籲台灣政府及各政黨表態反對危及台灣人赴港安危的送中條例；同時呼籲香港政府停止暴力鎮壓香港集會遊行，保障港人集會遊行自由。,ltn.com,台灣青年挺香港反送中今晚前往經貿辦事處聲援 - 自由時報 〔記者吳柏軒／台北報導〕香港「反送中」遊行昨有逾百萬名港人上街，深夜更爆發警民衝突，有上百人遭逮捕，為了聲援香港、排斥中共箝制自由，台灣青年也發起聲援行動，包含台大學生會、太陽花學運要角林飛帆等都將在今晚6點前往香港在台經貿辦事處，聲援港民，捍衛共同的基本人權。 該活動由台大學生會長吳奕柔、成大學生會長陳估熊及台獨青年羅宜集結學生來共同發起，並邀請島國前進發起人林飛帆（太陽花學運學生領袖之一）到場，台灣青年將在晚間6點齊聚台北市的香港經濟貿易文化辦事處，聲援香港活動。 發起學生呼籲，台灣人須一同正視，香港的送中條例不僅危害赴港的台灣人安危，更指出中國的司法系統不符國際人權標準，並實際上侵害香港的司法獨立自主。 台灣青年訴求，要香港政府須順應香港民意，退回送中條例；並呼籲台灣政府及各政黨表態反對危及台灣人赴港安危的送中條例；同時呼籲香港政府停止暴力鎮壓香港集會遊行，保障港人集會遊行自由。
LTN經濟通》中共辣手摧香港繁華夢中尋 - 自由財經,2022/07/01 07:38,,ltn.com,LTN經濟通》中共辣手摧香港繁華夢中尋 - 自由財經 nan
習近平訪港美媒：對內宣示權力對外發警告- 國際 - 自由時報,"
    2022/07/02 15:52",〔中央社〕中國國家主席習近平完成訪港及發表講話，紐時分析，當前是2019年香港「反送中」運動後中國地緣政治的緊張時刻，中共20大也將召開，習近平訪港是對內宣示勝利及權力，並對海外批評者發出警告。 紐約時報中文網2日報導，今年是香港主權移交25週年，標誌著中國承諾香港在英國殖民統治結束後保持50年不變已經過了一半，也是2019年「反送中」運動後，習近平首次訪問香港。 與此同時，現在也是近年中國地緣政治最緊張的時刻之一。北京處理香港「反送中」運動以及與俄羅斯的友好關係，導致中國與西方民主國家的關係嚴重惡化。中國宣稱擁有台灣主權，也令緊張局勢不斷升級。 另外，距離中共20大召開只有幾個月，習近平屆時有望獲得第3個任期，鞏固他作為毛澤東之後中共最具權勢的領導人地位。 報導指出，香港國安法實施後，幾乎所有異見被定性為犯罪，差不多所有反對派領袖都被捕或流亡，批評政府的人被禁止參加選舉，香港的公開異議和抗議活動已成過去。習近平此時訪港，展示了他徹底改變並征服了這個曾經自由的城市。 報導形容，「習近平的訪問既是對香港反對派的勝利宣言，也是在向大陸民眾宣示權力，同時還是對海外批評人士的一次警告」。 報導指出，與歷屆中共領導人相比，習近平對香港的立場強硬得多。2017年香港主權移交20週年，習近平訪港時首次劃下紅線，指任何危害國家主權安全的活動都絕不能允許。 當時還無損香港人的自由權利，但到了今天，習近平已將當天的警告變成了現實。 報導認為，習近平1日的講話顯示他已不再需要勸說港人放棄異見，相反的，他強調香港的經濟發展潛力，讓港人變得更富有，點燃港人對中國人身份認同的熱愛，並推動中國在全球崛起。 這意味著習近平重申了北京中央的慣常想法，就是香港人近年來的憤怒根源不在政治或對民主的渴望，而是由社會經濟引起。 習近平的講話實際上對香港人提出了心照不宣的政治交易，與中共在大陸鞏固權力的做法如出一轍，就是人民讓中共全面掌控政局，以換取經濟繁榮。 習近平這次訪港行程只有一天半，倫敦大學亞非學院中國研究院院長曾銳生說，習近平基本上視香港為叛亂之地，他是來收獲勝利成果，卻如此迅速離開，讓人不太確定這勝利是否徹底。,ltn.com,習近平訪港美媒：對內宣示權力對外發警告- 國際 - 自由時報 〔中央社〕中國國家主席習近平完成訪港及發表講話，紐時分析，當前是2019年香港「反送中」運動後中國地緣政治的緊張時刻，中共20大也將召開，習近平訪港是對內宣示勝利及權力，並對海外批評者發出警告。 紐約時報中文網2日報導，今年是香港主權移交25週年，標誌著中國承諾香港在英國殖民統治結束後保持50年不變已經過了一半，也是2019年「反送中」運動後，習近平首次訪問香港。 與此同時，現在也是近年中國地緣政治最緊張的時刻之一。北京處理香港「反送中」運動以及與俄羅斯的友好關係，導致中國與西方民主國家的關係嚴重惡化。中國宣稱擁有台灣主權，也令緊張局勢不斷升級。 另外，距離中共20大召開只有幾個月，習近平屆時有望獲得第3個任期，鞏固他作為毛澤東之後中共最具權勢的領導人地位。 報導指出，香港國安法實施後，幾乎所有異見被定性為犯罪，差不多所有反對派領袖都被捕或流亡，批評政府的人被禁止參加選舉，香港的公開異議和抗議活動已成過去。習近平此時訪港，展示了他徹底改變並征服了這個曾經自由的城市。 報導形容，「習近平的訪問既是對香港反對派的勝利宣言，也是在向大陸民眾宣示權力，同時還是對海外批評人士的一次警告」。 報導指出，與歷屆中共領導人相比，習近平對香港的立場強硬得多。2017年香港主權移交20週年，習近平訪港時首次劃下紅線，指任何危害國家主權安全的活動都絕不能允許。 當時還無損香港人的自由權利，但到了今天，習近平已將當天的警告變成了現實。 報導認為，習近平1日的講話顯示他已不再需要勸說港人放棄異見，相反的，他強調香港的經濟發展潛力，讓港人變得更富有，點燃港人對中國人身份認同的熱愛，並推動中國在全球崛起。 這意味著習近平重申了北京中央的慣常想法，就是香港人近年來的憤怒根源不在政治或對民主的渴望，而是由社會經濟引起。 習近平的講話實際上對香港人提出了心照不宣的政治交易，與中共在大陸鞏固權力的做法如出一轍，就是人民讓中共全面掌控政局，以換取經濟繁榮。 習近平這次訪港行程只有一天半，倫敦大學亞非學院中國研究院院長曾銳生說，習近平基本上視香港為叛亂之地，他是來收獲勝利成果，卻如此迅速離開，讓人不太確定這勝利是否徹底。
反送中3周年｜中共虎視眈眈台灣基進呼籲檢討《港澳條例》,,,appledaily.com,反送中3周年｜中共虎視眈眈台灣基進呼籲檢討《港澳條例》 nan
反送中3周年｜中共虎視眈眈台灣基進呼籲檢討《港澳條例》,,,appledaily.com,反送中3周年｜中共虎視眈眈台灣基進呼籲檢討《港澳條例》 nan
香港國安法下港台關係難回到從前 - 蘋果日報,,,appledaily.com,香港國安法下港台關係難回到從前 - 蘋果日報 nan
國安法一周年香港變了哪些 - Yahoo奇摩新聞,,,news.yahoo.com,國安法一周年香港變了哪些 - Yahoo奇摩新聞 nan
習近平訪港美媒：對內宣示權力對外發警告 - Yahoo奇摩新聞,2022年7月2日 下午3:32,（中央社台北2日電）中國國家主席習近平完成訪港及發表講話，紐時分析，當前是2019年香港「反送中」運動後中國地緣政治的緊張時刻，中共20大也將召開，習近平訪港是對內宣示勝利及權力，並對海外批評者發出警告。 紐約時報中文網2日報導，今年是香港主權移交25週年，標誌著中國承諾香港在英國殖民統治結束後保持50年不變已經過了一半，也是2019年「反送中」運動後，習近平首次訪問香港。 與此同時，現在也是近年中國地緣政治最緊張的時刻之一。北京處理香港「反送中」運動以及與俄羅斯的友好關係，導致中國與西方民主國家的關係嚴重惡化。中國宣稱擁有台灣主權，也令緊張局勢不斷升級。 另外，距離中共20大召開只有幾個月，習近平屆時有望獲得第3個任期，鞏固他作為毛澤東之後中共最具權勢的領導人地位。 報導指出，香港國安法實施後，幾乎所有異見被定性為犯罪，差不多所有反對派領袖都被捕或流亡，批評政府的人被禁止參加選舉，香港的公開異議和抗議活動已成過去。習近平此時訪港，展示了他徹底改變並征服了這個曾經自由的城市。 報導形容，「習近平的訪問既是對香港反對派的勝利宣言，也是在向大陸民眾宣示權力，同時還是對海外批評人士的一次警告」。 報導指出，與歷屆中共領導人相比，習近平對香港的立場強硬得多。2017年香港主權移交20週年，習近平訪港時首次劃下紅線，指任何危害國家主權安全的活動都絕不能允許。 當時還無損香港人的自由權利，但到了今天，習近平已將當天的警告變成了現實。 報導認為，習近平1日的講話顯示他已不再需要勸說港人放棄異見，相反的，他強調香港的經濟發展潛力，讓港人變得更富有，點燃港人對中國人身份認同的熱愛，並推動中國在全球崛起。 這意味著習近平重申了北京中央的慣常想法，就是香港人近年來的憤怒根源不在政治或對民主的渴望，而是由社會經濟引起。 習近平的講話實際上對香港人提出了心照不宣的政治交易，與中共在大陸鞏固權力的做法如出一轍，就是人民讓中共全面掌控政局，以換取經濟繁榮。 習近平這次訪港行程只有一天半，倫敦大學亞非學院中國研究院院長曾銳生說，習近平基本上視香港為叛亂之地，他是來收獲勝利成果，卻如此迅速離開，讓人不太確定這勝利是否徹底。（編輯：陳沛冰/周慧盈）1110702,news.yahoo.com,習近平訪港美媒：對內宣示權力對外發警告 - Yahoo奇摩新聞 （中央社台北2日電）中國國家主席習近平完成訪港及發表講話，紐時分析，當前是2019年香港「反送中」運動後中國地緣政治的緊張時刻，中共20大也將召開，習近平訪港是對內宣示勝利及權力，並對海外批評者發出警告。 紐約時報中文網2日報導，今年是香港主權移交25週年，標誌著中國承諾香港在英國殖民統治結束後保持50年不變已經過了一半，也是2019年「反送中」運動後，習近平首次訪問香港。 與此同時，現在也是近年中國地緣政治最緊張的時刻之一。北京處理香港「反送中」運動以及與俄羅斯的友好關係，導致中國與西方民主國家的關係嚴重惡化。中國宣稱擁有台灣主權，也令緊張局勢不斷升級。 另外，距離中共20大召開只有幾個月，習近平屆時有望獲得第3個任期，鞏固他作為毛澤東之後中共最具權勢的領導人地位。 報導指出，香港國安法實施後，幾乎所有異見被定性為犯罪，差不多所有反對派領袖都被捕或流亡，批評政府的人被禁止參加選舉，香港的公開異議和抗議活動已成過去。習近平此時訪港，展示了他徹底改變並征服了這個曾經自由的城市。 報導形容，「習近平的訪問既是對香港反對派的勝利宣言，也是在向大陸民眾宣示權力，同時還是對海外批評人士的一次警告」。 報導指出，與歷屆中共領導人相比，習近平對香港的立場強硬得多。2017年香港主權移交20週年，習近平訪港時首次劃下紅線，指任何危害國家主權安全的活動都絕不能允許。 當時還無損香港人的自由權利，但到了今天，習近平已將當天的警告變成了現實。 報導認為，習近平1日的講話顯示他已不再需要勸說港人放棄異見，相反的，他強調香港的經濟發展潛力，讓港人變得更富有，點燃港人對中國人身份認同的熱愛，並推動中國在全球崛起。 這意味著習近平重申了北京中央的慣常想法，就是香港人近年來的憤怒根源不在政治或對民主的渴望，而是由社會經濟引起。 習近平的講話實際上對香港人提出了心照不宣的政治交易，與中共在大陸鞏固權力的做法如出一轍，就是人民讓中共全面掌控政局，以換取經濟繁榮。 習近平這次訪港行程只有一天半，倫敦大學亞非學院中國研究院院長曾銳生說，習近平基本上視香港為叛亂之地，他是來收獲勝利成果，卻如此迅速離開，讓人不太確定這勝利是否徹底。（編輯：陳沛冰/周慧盈）1110702
習近平訪港美媒：對內對外態度強硬 - Yahoo奇摩新聞,2022年7月2日 下午11:51,(本報綜合報導)中國國家主席習近平完成訪港及發表講話，紐時分析，當前是2019年香港「反送中」運動後中國地緣政治的緊張時刻，中共20大也將召開，習近平訪港是對內宣示勝利及權力，並對海外批評者發出警告。 紐約時報中文網2日報導，今年是香港主權移交25週年，標誌著中國承諾香港在英國殖民統治結束後保持50年不變已經過了一半，也是2019年「反送中」運動後，習近平首次訪問香港。 與此同時，現在也是近年中國地緣政治最緊張的時刻之一。北京處理香港「反送中」運動以及與俄羅斯的友好關係，導致中國與西方民主國家的關係嚴重惡化。中國宣稱擁有台灣主權，也令緊張局勢不斷升級。 另外，距離中共20大召開只有幾個月，習近平屆時有望獲得第3個任期，鞏固他作為毛澤東之後中共最具權勢的領導人地位。,news.yahoo.com,習近平訪港美媒：對內對外態度強硬 - Yahoo奇摩新聞 (本報綜合報導)中國國家主席習近平完成訪港及發表講話，紐時分析，當前是2019年香港「反送中」運動後中國地緣政治的緊張時刻，中共20大也將召開，習近平訪港是對內宣示勝利及權力，並對海外批評者發出警告。 紐約時報中文網2日報導，今年是香港主權移交25週年，標誌著中國承諾香港在英國殖民統治結束後保持50年不變已經過了一半，也是2019年「反送中」運動後，習近平首次訪問香港。 與此同時，現在也是近年中國地緣政治最緊張的時刻之一。北京處理香港「反送中」運動以及與俄羅斯的友好關係，導致中國與西方民主國家的關係嚴重惡化。中國宣稱擁有台灣主權，也令緊張局勢不斷升級。 另外，距離中共20大召開只有幾個月，習近平屆時有望獲得第3個任期，鞏固他作為毛澤東之後中共最具權勢的領導人地位。
習近平訪港外媒：民主已成過去式 - 奇摩新聞,2022年7月4日 下午4:41,香港回歸25周年紀念典禮正逢颱風過境，中國國家主席習近平在低氣壓系統下完成訪港行程，然而這場談話也象徵著中共政局的政治低氣壓已全然壟罩香港。外媒指出，在習近平訪港對內宣示勝利與權力同時，對外也向海外批評者發出警告，如今香港公開異議和民主活動已然成為過去式了。 香港2019年「反送中」運動後，習近平首度訪問香港，今年是香港主權移交25週年，也是中國允諾在英國殖民統治後「50年不變」的一半期程，儘管中國地緣政治近年有緊張趨勢，包含與俄羅斯、台灣、南海等發生衝突或談判，但在香港中國政局可說是「大獲全勝」，無疑是在中共召開20大前替習近平注了一記定心針，更加鞏固了他作為毛澤東之後最具權勢的中共領導人地位。 香港也在國安法實施後，籠罩了一層「政治低氣壓」，《紐約時報中文網》報導指出，國安法後幾乎所有異議意見都被定調為犯罪，幾乎所有反對派領袖都遭捕或流亡海外，但凡批評政府的人都被禁止參加選舉，「香港的公開異議和民主活動已經成為過去式」，此時習近平的訪問正是展示了他徹底改變並征服這個曾經自由自在的城市。 此外，報導也認為香港人心照不宣的政治交易和習近平的講話不謀而合，他不再需要勸說港人「放下異見」，而是強調港人對「中國人」身分認同的愛能推動中國在全球崛起，強調香港經濟發展有潛力讓港人更加富有，這也是北京中央認定的，香港憤怒根源不在政治或民主，而是社會經濟問題。 報導續指，事實上如今香港人民的確選擇了這條道路，讓中共全面掌控政局，以換取經濟繁榮，文章內形容「習近平的訪問既是對香港反對派的勝利宣言，也是在向大陸民眾宣示權力，同時還是對海外批評人士的一次警告」；而在發表講話幾個小時後，習近平便帶著收割後的勝利成果離開了，留下熱帶風暴逼近、暴雨傾盆的香港。      ,news.yahoo.com,習近平訪港外媒：民主已成過去式 - 奇摩新聞 香港回歸25周年紀念典禮正逢颱風過境，中國國家主席習近平在低氣壓系統下完成訪港行程，然而這場談話也象徵著中共政局的政治低氣壓已全然壟罩香港。外媒指出，在習近平訪港對內宣示勝利與權力同時，對外也向海外批評者發出警告，如今香港公開異議和民主活動已然成為過去式了。 香港2019年「反送中」運動後，習近平首度訪問香港，今年是香港主權移交25週年，也是中國允諾在英國殖民統治後「50年不變」的一半期程，儘管中國地緣政治近年有緊張趨勢，包含與俄羅斯、台灣、南海等發生衝突或談判，但在香港中國政局可說是「大獲全勝」，無疑是在中共召開20大前替習近平注了一記定心針，更加鞏固了他作為毛澤東之後最具權勢的中共領導人地位。 香港也在國安法實施後，籠罩了一層「政治低氣壓」，《紐約時報中文網》報導指出，國安法後幾乎所有異議意見都被定調為犯罪，幾乎所有反對派領袖都遭捕或流亡海外，但凡批評政府的人都被禁止參加選舉，「香港的公開異議和民主活動已經成為過去式」，此時習近平的訪問正是展示了他徹底改變並征服這個曾經自由自在的城市。 此外，報導也認為香港人心照不宣的政治交易和習近平的講話不謀而合，他不再需要勸說港人「放下異見」，而是強調港人對「中國人」身分認同的愛能推動中國在全球崛起，強調香港經濟發展有潛力讓港人更加富有，這也是北京中央認定的，香港憤怒根源不在政治或民主，而是社會經濟問題。 報導續指，事實上如今香港人民的確選擇了這條道路，讓中共全面掌控政局，以換取經濟繁榮，文章內形容「習近平的訪問既是對香港反對派的勝利宣言，也是在向大陸民眾宣示權力，同時還是對海外批評人士的一次警告」；而在發表講話幾個小時後，習近平便帶著收割後的勝利成果離開了，留下熱帶風暴逼近、暴雨傾盆的香港。      
香港慶主權移交25週年前區議員：滿滿無力感 - Yahoo奇摩新聞,2022年6月29日 上午8:50,香港緊鑼密鼓準備7月1日主權移交25週年活動，但香港年輕人大多心情複雜，1997年出生的 前香港區議員姚鈞豪，曾因反送中案入獄的他，宣誓後又無端被取消議員資格，他抱怨北京，背棄當初對英國承諾的「一國兩制」，但是前香港特首梁振英，反倒是表示，香港自治不符合時代潮流，諷刺反送中運動，就是過度自由下的產物。 漁船鳴笛，港民揮舞旗幟，準備出航，香港漁民團體在維多利亞港巡遊，出動25艘大型漁船，賀7月1日政權移交25週年慶，以及新任特首就職大典，但不是所有香港人，都是這麼歡欣鼓舞。生於1997年的前香港區議員姚鈞豪，曾在2020年1月來台觀摩大選，當時曾展示「光復香港，時代革命」的標語，他說自己是政權移交後「失落的一代」。 前香港區議員姚鈞豪：「我在1997年出生，幾乎每6年，香港就會發生某個重大事件。」他去年因非法集結案，遭判刑拘役3個月，錯過區議員宣誓，今年6月1日，在港府總部補做宣誓，五天後，他收到民政事務署信件，確定被取消議員資格。 前香港區議員姚鈞豪：「我感到無力感，有著無力感，無論是對香港，還是對我自己。」對於香港，不再擁有自治權，姚鈞豪抱怨北京當局，背棄當初對英國承諾的「一國兩制」，但前港首可不這麼認為。 前香港特首梁振英：「香港不能自己做選擇，因為我們不是一個獨立地區」。先為北京政府護駕，接著梁振英話鋒一轉，說香港自治，已經不符合時代潮流。前香港特首梁振英：「看看2019年(反送中)情況有多複雜，其中一個是我們看到，年輕人朝警察局丟汽油彈。」香港維多利亞港的黃昏，美麗依舊，卻有不少香港年輕人，為回不去的香港自由默哀。,news.yahoo.com,香港慶主權移交25週年前區議員：滿滿無力感 - Yahoo奇摩新聞 香港緊鑼密鼓準備7月1日主權移交25週年活動，但香港年輕人大多心情複雜，1997年出生的 前香港區議員姚鈞豪，曾因反送中案入獄的他，宣誓後又無端被取消議員資格，他抱怨北京，背棄當初對英國承諾的「一國兩制」，但是前香港特首梁振英，反倒是表示，香港自治不符合時代潮流，諷刺反送中運動，就是過度自由下的產物。 漁船鳴笛，港民揮舞旗幟，準備出航，香港漁民團體在維多利亞港巡遊，出動25艘大型漁船，賀7月1日政權移交25週年慶，以及新任特首就職大典，但不是所有香港人，都是這麼歡欣鼓舞。生於1997年的前香港區議員姚鈞豪，曾在2020年1月來台觀摩大選，當時曾展示「光復香港，時代革命」的標語，他說自己是政權移交後「失落的一代」。 前香港區議員姚鈞豪：「我在1997年出生，幾乎每6年，香港就會發生某個重大事件。」他去年因非法集結案，遭判刑拘役3個月，錯過區議員宣誓，今年6月1日，在港府總部補做宣誓，五天後，他收到民政事務署信件，確定被取消議員資格。 前香港區議員姚鈞豪：「我感到無力感，有著無力感，無論是對香港，還是對我自己。」對於香港，不再擁有自治權，姚鈞豪抱怨北京當局，背棄當初對英國承諾的「一國兩制」，但前港首可不這麼認為。 前香港特首梁振英：「香港不能自己做選擇，因為我們不是一個獨立地區」。先為北京政府護駕，接著梁振英話鋒一轉，說香港自治，已經不符合時代潮流。前香港特首梁振英：「看看2019年(反送中)情況有多複雜，其中一個是我們看到，年輕人朝警察局丟汽油彈。」香港維多利亞港的黃昏，美麗依舊，卻有不少香港年輕人，為回不去的香港自由默哀。
「觸動靈魂深處的反送中革命」社會學解析：抗爭跨世代與階級,2019-12-01 11:00,「2019台灣社會學會年會」11月30日在中央研究院社會學研究所舉辦，邀請到加州大學洛杉磯分校（UCLA）社會學系李靜君教授，以「香港反送中的社會學反思」為題進行演講。 「過去的5個半月，對於我這個在香港長大的人來說，是情感最激動、最傷心、創傷最深刻的時期，人們將自己的心靈、思想以及所有情感與激情，都傾注到他們為這項運動所做的奉獻中。我到抗爭現場做研究時，好多人跟我聊著、聊著就掉淚了，我從沒在田調時遇到這麼多人哭，」李靜君說，她還曾遇到一名17歲的年輕人帶著遺書上「戰場」，這孩子的行為讓她非常困惑。 李靜君表示：「安德森（Benedict Anderson）的《想像的共同體》（Imagined Communities）提到過，為什麼人願意為不認識的人送命？因為民族主義。然而跟我交談過的抗議者們有一個奇妙的共同點，他們常說『我是港豬』、『其實我不喜歡資本主義發達、物價高昂的香港』，但為什麼他們願意為香港犧牲性命？」 她解釋道，當人們經歷革命，看到政府對人民施加過度的武力等不公義情況，目睹不認識的夥伴為抗爭群眾犧牲奉獻，人們這時已經改變對香港、香港人與自我的看法，人們在參與的過程中，與這個新的香港共同體產生關聯，並對香港共同體擁有深厚的激情、熱情與承諾。 雨傘運動的時候多數是年輕人參與，而且中產階級居多，但是反送中運動的參與者是跨階級、跨世代的，而且男女分布很平均，李靜君說，因為這是一個情感上的動員運動，擁有相同認知、道德良知觀念的年輕朋友們，會透過社交方式邀約出門抗議，「而且他們有共同的訴求、共同對抗的敵人」。 相關報導,storm.mg,「觸動靈魂深處的反送中革命」社會學解析：抗爭跨世代與階級 「2019台灣社會學會年會」11月30日在中央研究院社會學研究所舉辦，邀請到加州大學洛杉磯分校（UCLA）社會學系李靜君教授，以「香港反送中的社會學反思」為題進行演講。 「過去的5個半月，對於我這個在香港長大的人來說，是情感最激動、最傷心、創傷最深刻的時期，人們將自己的心靈、思想以及所有情感與激情，都傾注到他們為這項運動所做的奉獻中。我到抗爭現場做研究時，好多人跟我聊著、聊著就掉淚了，我從沒在田調時遇到這麼多人哭，」李靜君說，她還曾遇到一名17歲的年輕人帶著遺書上「戰場」，這孩子的行為讓她非常困惑。 李靜君表示：「安德森（Benedict Anderson）的《想像的共同體》（Imagined Communities）提到過，為什麼人願意為不認識的人送命？因為民族主義。然而跟我交談過的抗議者們有一個奇妙的共同點，他們常說『我是港豬』、『其實我不喜歡資本主義發達、物價高昂的香港』，但為什麼他們願意為香港犧牲性命？」 她解釋道，當人們經歷革命，看到政府對人民施加過度的武力等不公義情況，目睹不認識的夥伴為抗爭群眾犧牲奉獻，人們這時已經改變對香港、香港人與自我的看法，人們在參與的過程中，與這個新的香港共同體產生關聯，並對香港共同體擁有深厚的激情、熱情與承諾。 雨傘運動的時候多數是年輕人參與，而且中產階級居多，但是反送中運動的參與者是跨階級、跨世代的，而且男女分布很平均，李靜君說，因為這是一個情感上的動員運動，擁有相同認知、道德良知觀念的年輕朋友們，會透過社交方式邀約出門抗議，「而且他們有共同的訴求、共同對抗的敵人」。 相關報導
台灣人超關注香港「反送中」讓日本人好驚訝！NHK這樣觀察 ...,2019-08-04 07:30,日本放送協會（NHK）男女主播一起主持播報的新聞節目News Watch 9今晚報導，台灣社會對於中國的警戒心正擴大中。 報導說，目前在台灣，很多人把香港現況拿來思考台灣未來。街頭還有貼上留言便利貼的牆，寫上支持、鼓勵香港，替香港加油的話語。報導指出，這是一般社會人士發起的挺香港運動，有年輕人呼籲「台灣人，要睜大你們的眼睛，不要相信一國兩制謊言！」 報導說，事情起源是因為今年一月中國國家主席習近平在談到對台政策時說：「一國兩制是實現國家統一的最佳方案」、「台獨是歷史的逆流」。習近平表示，在香港實施的一國兩制適用於兩岸統一。今年3月，中國派軍艦越過台灣海峽中線、4月派出轟炸機繞飛台灣周邊。 報導指出，為了守護台灣主權，有台灣年輕人投入政治世界。報導採訪的林飛帆呼籲民眾：「香港現在的自主地位一步步被剝奪、被侵蝕，接下來就輪到台灣了。」 報導說明，林飛帆是5年前太陽花學運領袖之一，上個月他成了民進黨幹部。NHK男主播有馬專訪林飛帆時問：「台灣目前真的面臨那麼重要的局面、重大的時期嗎？」 NHK男主播有馬問林飛帆：「你是5年前太陽花學運領袖，歷經5年，你覺得中國的壓力有這麼大嗎？」 林飛帆答說：「中國確實給我們很大壓力，包括中國對台灣各方面的滲透與統戰，到底是會被中國所吸納，還是我們有辦法保持自己的獨立自主地位，在經濟上、政治上，持續維持自主性，這是我們現在所面對的重要關卡。」 一位女生受訪時說：「我覺得對我來說，最重要的是中國因素的議題、兩岸關係的議題，對中國的抵抗是一定要持續下去的。」一位男生用台語說：「我們希望未來台灣在國際上可以更正常化，包括與中國互動。」 NHK女主播桑子最後說：「從日本看起來，認為香港與台灣是個別的存在，沒想到有很多台灣人認為香港現況與台灣息息相關，我真的感到很驚訝。」 男主播有馬表示，他是週末兩天實地到台灣採訪，很確實感受到台灣年輕人的心聲。台灣的在野國民黨有不少人認為， 建立好的兩岸關係是為台灣好，但面對很多台灣年輕人對中國懷抱戒心的事實，國民黨也不能忽視。 責任編輯/林安儒 相關報導,storm.mg,台灣人超關注香港「反送中」讓日本人好驚訝！NHK這樣觀察 ... 日本放送協會（NHK）男女主播一起主持播報的新聞節目News Watch 9今晚報導，台灣社會對於中國的警戒心正擴大中。 報導說，目前在台灣，很多人把香港現況拿來思考台灣未來。街頭還有貼上留言便利貼的牆，寫上支持、鼓勵香港，替香港加油的話語。報導指出，這是一般社會人士發起的挺香港運動，有年輕人呼籲「台灣人，要睜大你們的眼睛，不要相信一國兩制謊言！」 報導說，事情起源是因為今年一月中國國家主席習近平在談到對台政策時說：「一國兩制是實現國家統一的最佳方案」、「台獨是歷史的逆流」。習近平表示，在香港實施的一國兩制適用於兩岸統一。今年3月，中國派軍艦越過台灣海峽中線、4月派出轟炸機繞飛台灣周邊。 報導指出，為了守護台灣主權，有台灣年輕人投入政治世界。報導採訪的林飛帆呼籲民眾：「香港現在的自主地位一步步被剝奪、被侵蝕，接下來就輪到台灣了。」 報導說明，林飛帆是5年前太陽花學運領袖之一，上個月他成了民進黨幹部。NHK男主播有馬專訪林飛帆時問：「台灣目前真的面臨那麼重要的局面、重大的時期嗎？」 NHK男主播有馬問林飛帆：「你是5年前太陽花學運領袖，歷經5年，你覺得中國的壓力有這麼大嗎？」 林飛帆答說：「中國確實給我們很大壓力，包括中國對台灣各方面的滲透與統戰，到底是會被中國所吸納，還是我們有辦法保持自己的獨立自主地位，在經濟上、政治上，持續維持自主性，這是我們現在所面對的重要關卡。」 一位女生受訪時說：「我覺得對我來說，最重要的是中國因素的議題、兩岸關係的議題，對中國的抵抗是一定要持續下去的。」一位男生用台語說：「我們希望未來台灣在國際上可以更正常化，包括與中國互動。」 NHK女主播桑子最後說：「從日本看起來，認為香港與台灣是個別的存在，沒想到有很多台灣人認為香港現況與台灣息息相關，我真的感到很驚訝。」 男主播有馬表示，他是週末兩天實地到台灣採訪，很確實感受到台灣年輕人的心聲。台灣的在野國民黨有不少人認為， 建立好的兩岸關係是為台灣好，但面對很多台灣年輕人對中國懷抱戒心的事實，國民黨也不能忽視。 責任編輯/林安儒 相關報導
到底是200萬還是33萬？學者談「究竟多少人參加香港反送中 ...,2019-06-26 12:24,香港每年7月1日都有團體舉辦遊行，今年也不例外。遊行結束後，外界除了關注政府的回應外，還會留意官方和遊行舉辦方各自公布的參加人數，因為它不單是一個數字，還是各方輿論的角力場。 香港報章和網絡對每次遊行後各方公布的人數都充滿質疑，一邊認為警方故意代表官方壓低遊行數字，減少遊行帶來的輿論影響；另一邊認為遊行主辦方故意誇大數字，營造「民意龐大」的效果。 分析人士對BBC中文指出，香港的遊行示威文化演變多年，官方和民間都會利用這個數字營造各方想要的效果，但這種純粹對人數的爭議其實沒有太大實質作用，重要的是觀察參加遊行人士的背景，才能了解民意的走向。 另外，親建制派團體2014年曾經舉辦反對「佔領中環」的遊行，主辦方稱約有19萬人參加，警方就說有11萬人參加。 維園六四燭光晚會是香港悼念六四天安門事件死難者的年度活動 香港「民陣」副召集人梁穎敏接受BBC中文訪問時指出，她的團體與警方開會商討今年的「七一」遊行時，對方指維園的中央草坪可容納三萬多人，而今年「六四」晚會時出席晚會的人除了坐滿草坪，旁邊的六個小型足球場也坐滿。 「為什麼警方開會時跟我們說草坪已經可以容納三萬多人，但我們看見整個維園都坐滿人時，他的估算才三萬多人？這個問題真的要問警方。」 香港警務處書面回應BBC中文查詢時指出，警方點算集會人數的方法是在集會進行期間，派員於多個高點作出觀察，以及點算某一時段在不同區域所聚集的人數，從而評估參與集會的人數。警方又說，評估集會人數只是一個「粗略估計數字」，用來調派資源，數字只用作內部參考之用，不會主動公開。 相關報導,storm.mg,到底是200萬還是33萬？學者談「究竟多少人參加香港反送中 ... 香港每年7月1日都有團體舉辦遊行，今年也不例外。遊行結束後，外界除了關注政府的回應外，還會留意官方和遊行舉辦方各自公布的參加人數，因為它不單是一個數字，還是各方輿論的角力場。 香港報章和網絡對每次遊行後各方公布的人數都充滿質疑，一邊認為警方故意代表官方壓低遊行數字，減少遊行帶來的輿論影響；另一邊認為遊行主辦方故意誇大數字，營造「民意龐大」的效果。 分析人士對BBC中文指出，香港的遊行示威文化演變多年，官方和民間都會利用這個數字營造各方想要的效果，但這種純粹對人數的爭議其實沒有太大實質作用，重要的是觀察參加遊行人士的背景，才能了解民意的走向。 另外，親建制派團體2014年曾經舉辦反對「佔領中環」的遊行，主辦方稱約有19萬人參加，警方就說有11萬人參加。 維園六四燭光晚會是香港悼念六四天安門事件死難者的年度活動 香港「民陣」副召集人梁穎敏接受BBC中文訪問時指出，她的團體與警方開會商討今年的「七一」遊行時，對方指維園的中央草坪可容納三萬多人，而今年「六四」晚會時出席晚會的人除了坐滿草坪，旁邊的六個小型足球場也坐滿。 「為什麼警方開會時跟我們說草坪已經可以容納三萬多人，但我們看見整個維園都坐滿人時，他的估算才三萬多人？這個問題真的要問警方。」 香港警務處書面回應BBC中文查詢時指出，警方點算集會人數的方法是在集會進行期間，派員於多個高點作出觀察，以及點算某一時段在不同區域所聚集的人數，從而評估參與集會的人數。警方又說，評估集會人數只是一個「粗略估計數字」，用來調派資源，數字只用作內部參考之用，不會主動公開。 相關報導
香港反送中爭議，昔日宗主國表態！英國首相梅伊：修改《逃犯 ...,2019-06-13 14:00,香港政府執意修改《逃犯條例》引渡規定，引發逾百萬香港民眾上街示威，12日更包圍政府總部與立法會，儘管迫使立法會延後二讀，但港府未宣布撤回修法草案，示威者向警方封鎖線挺進，遭到強勢驅離，截至當晚有72人受傷，而英國首相梅伊12日表示，英國相當關注香港局勢，「香港的引渡安排是否符合《中英聯合聲明》中的權利與自由規範，是很重要的事」。 主管亞太事務的英國國務大臣菲爾德（Mark Field）10日已在國會表示，擔心《逃犯條例》若修改成功，香港的自由權利會引發「寒蟬效應」，並稱英國基於《中英聯合聲明》，有責任對此事「嚴重關切」，「有很多憂慮，香港公民和居民有被交由中國司法審判的風險，且中國司法審前羈押時間過長、上電視認罪，還沒有司法保障」。 菲爾德暗示，英國可能會宣布違反《中英聯合聲明》，因為修改《逃犯條例》不只是文字上，連本意都破壞《中英聯合聲明》。菲爾德還說，對於修改《逃犯條例》，英國和第三方提出多項核心問題，但港府沒有提供完整說明。不過中國外交部發言人耿爽12日再度強調，「香港事務純屬中國內政」，中國政府堅定支持港府推動修改《逃犯條例》。 末任英國駐港總督彭定康（Chris Patten）6日已表示，修改《逃犯條例》對香港法治是場「可怕風暴」，且會損害香港作為國際金融中心的聲譽，直言修改《逃犯條例》是香港主權移交中國以來最糟糕的事情，「這是一項提案，還是一套提案？這是打擊法治的可怕風暴，也破壞香港的穩定與安全，更損害香港作為偉大國際貿易港的地位」。 另外， ，歐盟已向港府表達關切，「這是個敏感的議題，對於香港及其人民、歐盟與外籍人士，以至於企業對香港的信心，均可能造成深遠影響」，呼籲避免升高衝突情勢，尊重人民的集會自由權利，「要解決目前的困境，深度且全面的公眾討論應有助於獲致一有建設性的方案。我們期待香港政府與其人民開啟這樣的對話」。 相關報導,storm.mg,香港反送中爭議，昔日宗主國表態！英國首相梅伊：修改《逃犯 ... 香港政府執意修改《逃犯條例》引渡規定，引發逾百萬香港民眾上街示威，12日更包圍政府總部與立法會，儘管迫使立法會延後二讀，但港府未宣布撤回修法草案，示威者向警方封鎖線挺進，遭到強勢驅離，截至當晚有72人受傷，而英國首相梅伊12日表示，英國相當關注香港局勢，「香港的引渡安排是否符合《中英聯合聲明》中的權利與自由規範，是很重要的事」。 主管亞太事務的英國國務大臣菲爾德（Mark Field）10日已在國會表示，擔心《逃犯條例》若修改成功，香港的自由權利會引發「寒蟬效應」，並稱英國基於《中英聯合聲明》，有責任對此事「嚴重關切」，「有很多憂慮，香港公民和居民有被交由中國司法審判的風險，且中國司法審前羈押時間過長、上電視認罪，還沒有司法保障」。 菲爾德暗示，英國可能會宣布違反《中英聯合聲明》，因為修改《逃犯條例》不只是文字上，連本意都破壞《中英聯合聲明》。菲爾德還說，對於修改《逃犯條例》，英國和第三方提出多項核心問題，但港府沒有提供完整說明。不過中國外交部發言人耿爽12日再度強調，「香港事務純屬中國內政」，中國政府堅定支持港府推動修改《逃犯條例》。 末任英國駐港總督彭定康（Chris Patten）6日已表示，修改《逃犯條例》對香港法治是場「可怕風暴」，且會損害香港作為國際金融中心的聲譽，直言修改《逃犯條例》是香港主權移交中國以來最糟糕的事情，「這是一項提案，還是一套提案？這是打擊法治的可怕風暴，也破壞香港的穩定與安全，更損害香港作為偉大國際貿易港的地位」。 另外， ，歐盟已向港府表達關切，「這是個敏感的議題，對於香港及其人民、歐盟與外籍人士，以至於企業對香港的信心，均可能造成深遠影響」，呼籲避免升高衝突情勢，尊重人民的集會自由權利，「要解決目前的困境，深度且全面的公眾討論應有助於獲致一有建設性的方案。我們期待香港政府與其人民開啟這樣的對話」。 相關報導
「不愛國你就麻煩了！」在反送中抗爭選邊站的香港藝人 - 風傳媒,2019-07-18 12:40,相關報導,storm.mg,「不愛國你就麻煩了！」在反送中抗爭選邊站的香港藝人 - 風傳媒 相關報導
綠議員質問「反送中」看法盧秀燕連講3次：我反對一國兩制,2019-06-10 16:29,民進黨台中市議員今（10）日在議會上輪番詢問台中市長盧秀燕對 的看法，並指九二共識的基礎就是一國兩制，對此，盧秀燕連講3次「我反對一國兩制！」回應。中市府新聞局長吳皇昇則批評，民進黨許多政治人物前往中國也不敢稱呼中華民國，「要刮別人鬍子之前，請先自己照照鏡子。」 盧秀燕指出，台灣最可貴的就是每人都可有自己的政治想法，台中也應該守住這樣的價值，先前遊行不論是統或獨，只要符合規定，不影響治安，警察局審查都會同意遊行。 議會上，民進黨市議員要求盧秀燕在香港遊行海報上簽署反對「一國兩制」，遭盧秀燕拒絕。對此，吳皇昇表示，盧秀燕向來不簽署任何承諾書，這是從政原則，大家都知道，呼籲議員別刻意拿此作文章。 相關報導,storm.mg,綠議員質問「反送中」看法盧秀燕連講3次：我反對一國兩制 民進黨台中市議員今（10）日在議會上輪番詢問台中市長盧秀燕對 的看法，並指九二共識的基礎就是一國兩制，對此，盧秀燕連講3次「我反對一國兩制！」回應。中市府新聞局長吳皇昇則批評，民進黨許多政治人物前往中國也不敢稱呼中華民國，「要刮別人鬍子之前，請先自己照照鏡子。」 盧秀燕指出，台灣最可貴的就是每人都可有自己的政治想法，台中也應該守住這樣的價值，先前遊行不論是統或獨，只要符合規定，不影響治安，警察局審查都會同意遊行。 議會上，民進黨市議員要求盧秀燕在香港遊行海報上簽署反對「一國兩制」，遭盧秀燕拒絕。對此，吳皇昇表示，盧秀燕向來不簽署任何承諾書，這是從政原則，大家都知道，呼籲議員別刻意拿此作文章。 相關報導
香港百萬人上街「反送中」遊行陸委會：由衷感佩 - 風傳媒,2019-06-10 11:03,香港6月9日 ，引爆香港16年來最大示威，主辦單位宣布有103萬人上街，大陸委員會9日也以新聞稿表達由衷感佩，以及反對港府修法的立場。 陸委會表示，港府宣稱以解決港女命案為由，提出修訂「逃犯條例」，對此，台灣政府已多次堅決表示，絕不會接受任何以消滅國家主權為目的之作為，也拒絕接受以修法為前提的個案移交。 陸委會批評，港府現更以港女命案嫌犯將在10月獲釋，蠻橫強推修法，假伸張公義之名，行威脅人權之實，我方認為港府應撤回修法草案，勿一錯再錯，開啟萬惡的「送中」大門。 相關報導,storm.mg,香港百萬人上街「反送中」遊行陸委會：由衷感佩 - 風傳媒 香港6月9日 ，引爆香港16年來最大示威，主辦單位宣布有103萬人上街，大陸委員會9日也以新聞稿表達由衷感佩，以及反對港府修法的立場。 陸委會表示，港府宣稱以解決港女命案為由，提出修訂「逃犯條例」，對此，台灣政府已多次堅決表示，絕不會接受任何以消滅國家主權為目的之作為，也拒絕接受以修法為前提的個案移交。 陸委會批評，港府現更以港女命案嫌犯將在10月獲釋，蠻橫強推修法，假伸張公義之名，行威脅人權之實，我方認為港府應撤回修法草案，勿一錯再錯，開啟萬惡的「送中」大門。 相關報導
