title,link,snippet,content
什麼是藻礁 - 珍愛桃園藻礁,http://algalreef.weebly.com/2016040636261593429930977.html,有造礁功能的藻類不少，統稱石灰藻。這些石灰藻（如桃園藻礁的造礁主力－殼狀珊瑚藻），將海水中游離的鈣固定在細胞壁中， ...,【什麼是藻礁】藻礁與珊瑚礁的不同珊瑚礁和藻礁都是生物造礁，最大的差別是在珊瑚礁是【動物】造礁，而藻礁是【植物】造礁。提起珊瑚礁，一般人不陌生；問起小朋友，有的還會興奮的加碼告訴你「小丑魚和海葵」的共生情趣。沒錯，珊瑚礁成長在水質清澈的海域，強烈日照導致旺盛的光合作用下，所形成的多孔隙環境是海中生物很好的棲息地，生態豐富異常，故有【海中熱帶雨林】之稱；但相對於動物造礁的珊瑚礁，以植物造礁的【藻礁】，也屬海岸多孔隙環境，同樣是海洋「生物的育嬰房」。他們在水質佳，水溫高的地方搶不過動物造礁，卻能在較惡劣的環境裡自成一片和珊瑚礁媲美；而藻類造礁過程緩慢，以桃園海岸造礁主體的【無節珊瑚藻】為例，20年還成長不到1公分，她比之珊瑚礁平均年成長1公分，實在是更為稀有特別。珊瑚礁和藻礁都是生物造礁，最大的差別是在珊瑚礁是【動物】造礁，而藻礁是【植物】造礁。提起珊瑚礁，一般人不陌生；問起小朋友，有的還會興奮的加碼告訴你「小丑魚和海葵」的共生情趣。沒錯，珊瑚礁成長在水質清澈的海域，強烈日照導致旺盛的光合作用下，所形成的多孔隙環境是海中生物很好的棲息地，生態豐富異常，故有【海中熱帶雨林】之稱；但相對於動物造礁的珊瑚礁，以植物造礁的【藻礁】，也屬海岸多孔隙環境，同樣是海洋「生物的育嬰房」。他們在水質佳，水溫高的地方搶不過動物造礁，卻能在較惡劣的環境裡自成一片和珊瑚礁媲美；而藻類造礁過程緩慢，以桃園海岸造礁主體的【無節珊瑚藻】為例，20年還成長不到1公分，她比之珊瑚礁平均年成長1公分，實在是更為稀有特別。桃園藻礁的形成及年代有造礁功能的藻類不少，統稱石灰藻。這些石灰藻（如桃園藻礁的造礁主力－殼狀珊瑚藻），將海水中游離的鈣固定在細胞壁中，生長過後留下石灰質來造礁，有些扁平狀生長的石灰藻類不僅可以藉鈣化作用沉積碳酸鈣，還可不斷的膠結，進而建造大型的礁體，稱之藻礁。有造礁功能的藻類不少，統稱石灰藻。這些石灰藻（如桃園藻礁的造礁主力－殼狀珊瑚藻），將海水中游離的鈣固定在細胞壁中，生長過後留下石灰質來造礁，有些扁平狀生長的石灰藻類不僅可以藉鈣化作用沉積碳酸鈣，還可不斷的膠結，進而建造大型的礁體，稱之藻礁。根據台大海洋研究所所長戴昌鳳教授團隊2008年出版的研究資料顯示，桃園藻礁最早的生成年代約有7500年的歷史。在大園區潮音海岸的礁體超過6公尺高，年代約7620年，原先是珊瑚礁比藻礁多的礁體，之後在約4500年前逐漸變為藻礁比珊瑚礁多的礁體。但在觀音區保生海岸所探取的樣本，厚度約3.35公尺，年代竟也有7500年歷史。此處的礁體為純以藻礁所造的礁體，以此數據推測，藻礁20年還長不到1公分。藻礁的重要性「藻礁是海洋生物的育嬰房」、「藻礁是重要的基因保存庫」、「藻礁的多孔隙礁體有極佳的消波功能」、「藻礁生態系是絕佳的環境教育場域」、「桃園藻礁與珊瑚礁交錯成長，是地質學、氣候變遷上值得研究的好題材」、「27公里綿長的藻礁地形為舉世少有，有世界自然遺產價值，未來極富觀光產值。」…..「藻礁是海洋生物的育嬰房」、「藻礁是重要的基因保存庫」、「藻礁的多孔隙礁體有極佳的消波功能」、「藻礁生態系是絕佳的環境教育場域」、「桃園藻礁與珊瑚礁交錯成長，是地質學、氣候變遷上值得研究的好題材」、「27公里綿長的藻礁地形為舉世少有，有世界自然遺產價值，未來極富觀光產值。」…..藻礁是海洋生物的育嬰房藻礁地形多孔隙的環境同時是各種魚蝦蟹貝最佳的「海洋生物育嬰房」，小魚小蝦長大游到附近海域，就成了豐富的漁場。這魚場造就了桃園南永安、北竹圍兩個漁港。「永安漁港」是全台唯一客家漁港，過去就是因此而漁獲豐碩，也創造了獨特的海客文化。如此豐富而多樣性的藻礁生態特色，誠然是最佳的環境教育場地；而潔淨的海岸和豐饒的漁產更是吸引遊客的亮點，讓休閒產業得以蓬勃發展。藻礁地形多孔隙的環境同時是各種魚蝦蟹貝最佳的「海洋生物育嬰房」，小魚小蝦長大游到附近海域，就成了豐富的漁場。這魚場造就了桃園南永安、北竹圍兩個漁港。「永安漁港」是全台唯一客家漁港，過去就是因此而漁獲豐碩，也創造了獨特的海客文化。如此豐富而多樣性的藻礁生態特色，誠然是最佳的環境教育場地；而潔淨的海岸和豐饒的漁產更是吸引遊客的亮點，讓休閒產業得以蓬勃發展。延伸閱讀：台灣西北藻礁是國際級地景： http://e-info.org.tw/node/90100自然遺產價值：保護觀音海岸千年藻礁 學者倡設地質公園 http://e-info.org.tw/node/72279石灰藻(calcareous algae) 泛指紅藻門(Rhodophyta)的珊瑚藻科(Corallinaceae)、耳殼藻科(Peyssonneliaceae)所有種類，或是綠藻門(Chlorophyta)的仙掌藻(Halimeda spp.)、鈣扇藻(Udotea spp.)、綠毛藻(Chlorodesmis spp.)以及黃藻門(Phaeophyceae)的團扇藻(Padina spp.)等生長過後可留下石灰質的藻。（摘自劉靜榆博士「珍愛．台灣藻礁」）台灣西北藻礁是國際級地景： http://e-info.org.tw/node/90100自然遺產價值：保護觀音海岸千年藻礁 學者倡設地質公園 http://e-info.org.tw/node/72279石灰藻(calcareous algae) 泛指紅藻門(Rhodophyta)的珊瑚藻科(Corallinaceae)、耳殼藻科(Peyssonneliaceae)所有種類，或是綠藻門(Chlorophyta)的仙掌藻(Halimeda spp.)、鈣扇藻(Udotea spp.)、綠毛藻(Chlorodesmis spp.)以及黃藻門(Phaeophyceae)的團扇藻(Padina spp.)等生長過後可留下石灰質的藻。（摘自劉靜榆博士「珍愛．台灣藻礁」）
桃園觀新藻礁生態系野生動物保護區 - 维基百科,https://zh.wikipedia.org/wiki/%E6%A1%83%E5%9C%92%E8%A7%80%E6%96%B0%E8%97%BB%E7%A4%81%E7%94%9F%E6%85%8B%E7%B3%BB%E9%87%8E%E7%94%9F%E5%8B%95%E7%89%A9%E4%BF%9D%E8%AD%B7%E5%8D%80,桃園觀新藻礁生態系野生動物保護區位於臺灣桃園市觀音區至新屋區海岸一帶，桃園觀新藻礁保護區是屬於全球少見的藻礁最南邊區塊的藻礁地形。桃園藻礁是以無節或殼狀珊瑚 ...,"桃園觀新藻礁生態系野生動物保護區|此條目需要精通或熟悉環境工程、生態保育的编者参与及协助编辑。 (2021年1月15日)||桃園觀新藻礁生態系野生動物保護區|桃園觀新藻礁海岸|位置||桃園市觀音區、新屋區||坐标||25°00′45″N 121°01′35″E / 25.01250°N 121.02639°E坐标：25°00′45″N 121°01′35″E / 25.01250°N 121.02639°E||面积||315公頃（野生動物保護區）|396公頃（重要棲息環境）|建立||2014年7月7日||主管团体||桃園市政府|桃園觀新藻礁生態系野生動物保護區位於臺灣桃園市觀音區至新屋區海岸一帶，桃園觀新藻礁保護區是屬於全球少見的藻礁最南邊區塊的藻礁地形。桃園藻礁是以無節或殼狀珊瑚藻為主要的造礁生物，經由其體內鈣化作用沉積碳酸鈣所建造之生物礁體。綜觀全世界的生物礁生態系，桃園藻礁不僅是全世界少見以殼狀珊瑚藻為主所建構的生物礁[1]，也是台灣目前以殼狀珊瑚藻為主所建構的生物礁中面積最大且殼狀珊瑚藻純度最高的現生藻礁生態系[2]。曾擁有27公里藻礁海岸的桃園，因為北邊的工業污染與填海造陸的影響，僅存南邊約7公里較為健康的藻礁區域，由北而南分別包含：白玉藻礁、大潭藻礁及觀新藻礁（目前被規劃為桃園觀新藻礁生態系野生動物保護區）[3]。歷史[编辑]為保護尚存健康的桃園藻礁，2014年7月7日，桃園縣政府針對觀新藻礁約4公里區域，依《野生動物保育法》公告劃定野生動物保護區及重要棲息環境[4][5]，稱為桃園觀新藻礁生態系野生動物保護區。由於桃園觀新藻礁生態系野生動物保護區的設立，在南邊7公里較為健康的藻礁區域，目前僅有觀新藻礁（桃園觀新藻礁生態系野生動物保護區）有較多的定量生態研究資料，保護區內含豐富海洋生物及鳥類生態：根據調查發現，藻礁具有高度的物種生物多樣性，動物密度為新竹香山溼地的八倍、臺中高美溼地的五倍[6]。2017年，相較於白玉藻礁，除了發現大潭藻礁具有許多疑為新種的殼狀珊瑚藻，也發現一級保育類動物柴山多杯孔珊瑚，顯示大潭藻礁生態系統非常豐富，與觀新藻礁(桃園觀新藻礁生態系野生動物保護區)的生態相比可說是並駕齊驅[3]。因此，在桃園藻礁南邊7公里較為健康的藻礁區域，整體的生態功能及生物多樣性，仍有待學界進一步的研究。桃園在地民間團體認為，應將桃園觀新藻礁生態系野生動物保護區依《文化資產保存法》劃設為保護等級更高的自然保留區[7][8]。但桃園縣政府花費新台幣920萬元請台灣濕地學會調查，建議「明智利用」劃設為野生動物保護區。後經行政院農業委員會林務局審議通過劃設為分區經營管理的野生動物保護區，核心區禁止改變或破壞原有自然狀態，未經許可禁止進入，民眾進入緩衝區必須提出申請，每日承載量限制200人[9]。第三天然氣接收站興建案爭議[编辑]2017年，台灣中油計畫在觀新藻礁北邊的大潭藻礁建蓋第三天然氣接收站的工業港，工業港的建蓋範圍達900公頃，將覆蓋大潭藻礁約230公頃的藻礁面積。由於所施作的工業港剛好位於桃園藻礁南邊7公里健康藻礁的中間區域，除了會造成邊緣效應導致棲地破碎化外，所帶來的港區突堤效應，將造成南北兩邊的藻礁區域泥沙淤積更為嚴重，進而危害白玉藻礁及觀新藻礁（桃園觀新藻礁生態系野生動物保護區）生態。而支持三接工程規劃的學者林幸助認為，大潭藻礁生態不好、應「明智利用」[10][11]，不僅受到桃園在地民間環保團體及超過百位生態學者反對，也替桃園觀新藻礁生態系野生動物保護區是否能維持生態系健康蒙上一層陰影[12]。2018年10月5日，行政院院長賴清德表示，如果行政院環境保護署通過第三天然氣接收站興建案環境影響評估，天然氣發電能滿足電力需求，行政院會同意經濟部重新評估要不要興建深澳發電廠。2018年10月8日，第三天然氣接收站環評通過，環保署副署長詹順貴請辭。2021年2月22日，台灣中油在記者會中表示，將採取迴避替代修正方案進行開發，避開生態敏感區域，僅使用既有填地興建接收站所需儲槽等設施，未新增任何填區[13][14]。同日經濟部於其Facebook粉絲專頁發文表示，執政團隊已在2018年調整開發案，將用地範圍由232公頃縮減為23公頃，使用的是18年前填海造陸的既有用地，避開藻礁[15]。對此，環保團體「珍愛藻礁公投工作小組」發出聲明稿反駁，指出第三天然氣接收站興建案「有」新增填區，且中油與經濟部宣稱採用避開藻礁的方案與事實不符[16][17]。參見[编辑]參考資料[编辑]- ^ Liou C.-Y., Yang S.-Y., Chen A.C. 2017. Unprecedented calcareous algal reefs in northern Taiwan merit high conservation priority. Coral Reefs (DOI 10.1007/s00338-017-1619-0)- ^ 劉少倫. 台灣的藻礁真的到處都是嗎？. 環境資訊中心. [2017-09-04]. （原始内容存档于2017-09-08）.- ^ 3.0 3.1 劉靜榆、陳昭倫。2017。臺灣存有的全球少見生態系桃園藻礁。《科學月刊》9月號第573期第679頁。- ^ 桃園觀新藻礁生態系野生動物重要棲息環境. 行政院農業委員會林務局. 2016-07-13 [2018-11-24]. （原始内容存档于2018-11-24）.- ^ 桃園觀新藻礁生態系野生動物保護區. 行政院農業委員會林務局. 2017-03-20 [2018-11-24]. （原始内容存档于2018-11-24）.- ^ 湯雅雯. 桃園觀新藻礁 定為「野保區」. 中國時報. 2014-04-08 [2014-10-25]. （原始内容存档于2014-10-25）.- ^ 楊宗灝. 桃園淨灘健行 張曉風響應. 中國時報. 2014-05-05 [2014-10-25]. （原始内容存档于2014-10-25）.- ^ 謝文華、薛翰駿. 桃園觀新藻礁保護區成立 環團批敷衍. 自由時報. 2014-04-16 [2014-10-25]. （原始内容存档于2014-10-25）.- ^ 江睿智. 進入桃園觀新藻礁保護區 民眾需申請. 經濟日報. 2014-10-06 [2014-10-26]. （原始内容存档于2014-10-25）.- ^ 學者專家歧見多 大潭藻礁命未卜. 桃園有線新聞. 2017-05-31 [2017-10-09]. （原始内容存档于2021-05-15）.- ^ 洪敏隆. 大潭藻礁爭議 台灣濕地學會球員兼裁判間接收受中油300萬. 蘋果即時 (台灣蘋果日報). 2017-10-16 [2018-05-04]. （原始内容存档于2018-08-01）.- ^ 黃義書. 百位學者連署 搶救桃園大潭藻礁. 聯合報系攝影中心. 2017-09-28 [2017-09-28]. （原始内容存档于2017-10-07）.- ^ 張瑞宗. 台灣中油:第三座液化天然氣接收站施工 持續維護藻礁生態與確保能源轉型、經濟發展目標. 台灣中油. 2021-02-22 [2021-02-24]. （原始内容存档于2021-02-24） （中文（繁體））.- ^ 黃淑惠. 中油：第三座液化天然氣接收站施工會持續維護藻礁生態. 聯合新聞網. 2021-02-22 [2021-02-24] （中文（繁體））.- ^ 經濟部Facebook粉絲專頁. 2021-02-22 [2021-02-24] （中文（繁體））.- ^ 潘忠政、陳憲政. 0223公開聲明 - 珍愛桃園藻礁. 珍愛桃園藻礁. 2021-02-23 [2021-02-24]. （原始内容存档于2021-02-27） （中文（繁體））.- ^ 吳姿賢. 藻礁公投告急！ 中油稱三接採迴避措施 環團批誤導大眾. 聯合新聞網. 2021-02-23 [2021-02-24]. （原始内容存档于2021-02-24） （中文（繁體））.外部連結[编辑]|维基共享资源中相关的多媒体资源：桃園觀新藻礁生態系野生動物保護區|- 桃園觀新藻礁生態系野生動物保護區-保護區簡介 （页面存档备份，存于互联网档案馆）,桃園市政府海岸管理工程處"
藻礁生態系,"https://www.oca.gov.tw/ch/home.jsp?id=177&parentpath=0,5,173",一、藻礁如何形成 藻礁，從字面上的含義，是由藻類形成的礁岩或石塊。簡單來說，和社會大眾較熟悉的珊瑚礁形成方式類似，藻礁是由生長在海洋或淡水湖泊的大型底棲藻類 ...,"壹 、認識藻礁一、藻礁如何形成 藻礁，從字面上的含義，是由藻類形成的礁岩或石塊。簡單來說，和社會大眾較熟悉的珊瑚礁形成方式類似，藻礁是由生長在海洋或淡水湖泊的大型底棲藻類死亡後的鈣化藻體遺骸，經過長時間與週遭表層無脊椎動物粘結或膠合加上礦化作用，所形成富含碳酸鈣的生物礁體。然而，不是所有具鈣化藻體的大型底棲藻類都可以形成藻礁。目前發現的藻礁主要組成藻種，大都是由紅藻門的無節珊瑚藻（non-geniculate Coralline algae，例如臺灣的桃園藻礁，見下圖）或是綠藻門的仙掌藻（Halimeda spp.）死亡後的鈣化藻體（例如大堡礁或加勒比海的環礁部份組成）。殼狀珊瑚藻在海洋沿岸生態系中扮演關鍵的角色，不僅是海洋中的初級生產者，亦為重要的造礁生物。另一方面，老化的藻體成為礁體結構的一部份，為許多海洋軟體動物及大型海藻著苗重要棲地。在珊瑚藻中，鈣化作用（calcification）常與光合作用一起發生。當海水中的鈣離子通過細胞膜時，會促使氫離子與重碳酸氫根離子結合（Ca2++ 2HCO3-→ CaCO3+ H2O + CO2），而形成碳酸鈣沉積物累積於細胞壁之間。同時，鈣化作用中釋出的二氧化碳則被使用於光合作用的固碳循環中。因此珊瑚藻的生長有降低海水酸化並維持健康海洋生態的功能，在海洋酸化的議題下受到廣泛的注目與研究。殼狀珊瑚藻在臺灣北部海岸常成為較佔優勢的鈣化生物，其層層向上生長的特性堆積成具多孔隙的礁體，經年累月後形成藻礁。殼狀珊瑚紅藻在海洋生態上亦具有保護棲地的重要功能，是因為活著的殼狀珊瑚紅藻在生長時會緊貼老化的鈣化藻體，可以保護已形成的藻礁體，免受海浪侵蝕，因此殼狀珊瑚藻的生長與維持海洋物種多樣性的重要生態功能息息相關。殼狀珊瑚藻的藻種特性為具有鈣化藻體與紅藻特有的三相生活史以及所有生殖結構皆有特化的囊狀結構（conceptacles）保護。三相生活史可分為行無性生殖的四分孢子體世代（二倍體）、有性生殖的配子體世代（單倍體）以及寄生在配子體世代上的果孢子體世代（二倍體）。一般而言，不論是透過無性生殖產生的四分孢子或有性生殖產生的雌雄配子皆在藻體表面的生殖囊腔中發育。在有性生殖的配子體世代是雌雄異體，雄配子體囊腔中的雄配子在發育成熟後由生殖腔上方的囊孔釋放出來，游離的雄配子進入成熟雌配子體的生殖囊腔中與雌配子結合，並在雌配子體生殖囊腔內發育成寄生性的果孢子體世代（二倍體）。果孢子體在成熟後，透過雌配子體生殖囊腔上方的囊孔的釋放出果孢子，而果孢子如成功在已形成的藻礁上萌發，則可生長發育為四分孢子體世代。成熟的四分孢子體表面的生殖囊腔中有多個帶狀分裂的四方孢子囊，成熟的四分孢子囊由生殖囊腔上方的囊孔釋放出四個四分孢子，離開囊腔的四分孢子若可順利著生在舊的藻礁上，則可生長發育為下個新世代的雌性或雄性配子體，完成三相世代交替生活史，即為四分孢子體、配子體以及寄生在雌配子體上的果孢子體交替出現的世代交替生活史。三、桃園海域藻礁生態系桃園自然海岸線全長約為 21公里（來源：中華民國內政部營建署統計107 年度第 2 期各縣市自然及人工海岸線比例一覽表），而桃園海岸的藻礁主要分布北起大園鄉竹圍漁港海岸，向南延伸至觀音鄉及新屋鄉永安漁港附近。根據臺灣大學戴昌鳳教授研究團隊利用碳十四定年的資料顯示，桃園地海岸線最古老的藻礁約有 7600 年之久，分散在桃園海岸線南北側的藻礁下層（3-5米深）。另一方面，現生藻礁主要分佈在三個藻礁海域：由南到北分別為觀新藻礁、大潭藻礁以及白玉藻礁，其中觀新藻礁（＝礁灰岩）面積為最大。目前桃園藻礁生態系的現生藻礁，主要是具鈣化能力的殼狀珊瑚紅藻組成。桃園藻礁海域擁有全臺灣最高殼狀珊瑚藻覆蓋率的活體藻礁。殼狀珊瑚紅藻，因為生長較緩慢，每一年可留下的碳酸鈣遺骸只有數毫米厚。桃園藻礁是經過了好幾千年的生長，才有現在的大片藻礁規模。殼狀珊瑚藻在分類上歸屬於海洋性紅藻，雖然具有行光合作用的能力，但在生長時仍舊需要適當的水溫、光照及營養鹽。然而，桃園藻礁生態系的殼狀珊瑚藻因生長速度十分緩慢（每年增加藻體厚度大約只有1-2 mm 或更低），更容易受到環境變動影響生長（如泥沙覆蓋或其它生長快速大型海藻棲地競爭，水溫過高等等）。貳、桃園藻礁主要造礁藻種介紹桃園藻礁是屬於生物礁的一環，主要是以具碳酸鈣的海洋動物（石珊瑚）和海洋紅藻的無節珊瑚藻（俗稱殼狀珊瑚藻）和其它海洋生物經過數百年至數千年的堆積及礦化膠結而成的礁灰岩［見下圖，參考戴等人（2009）有關桃園觀音藻礁生態解說］。桃園藻礁海域的造礁藻類主要是由海洋性紅藻門的珊瑚藻亞綱的無節珊瑚藻(俗稱殼狀珊瑚藻)所組成。目前在桃園三個主要藻礁海域（觀新藻礁、大潭藻礁、白玉藻礁）發現有至少二十種以上的造礁藻種/殼狀珊瑚藻（108-109年海保署藻礁生態系調查計畫）。桃園藻礁主要由四個無節珊瑚藻屬的造礁藻種組成，包括殼葉藻屬（CrustaphytumL.-C.Liu & S.-M.Lin）、哈維石藻屬（HarveylithonA.Rösler, Perfectti, V.Peña & J.C.Braga）、膨石藻屬（PhymatolithonFoslie）、孢石藻屬（SporolithonHeydrich）為較常見的優勢藻種。拉丁學名：Crustaphytum pacificumL.-C.Liu & S.-M.Lin in Liu et al. (2018)模式種產地：桃園新屋藻礁棲地：桃園藻礁區低潮位的礁岩或鵝卵石上，亦可在2-3公尺深的亞潮帶區域發現。分布：目前僅於西太平洋的臺灣西北部及法屬新喀里多尼亞島形態特徵:藻體由薄殼狀的鈣化小葉片組成, 小葉片可為不規則碎片狀或由具波浪邊緣的橢圓形葉片，葉片長約4~10公分，寬約3~5公分。鈣化藻體表面呈現深紫色或深紅色，藻體背面由 5-10 層或以上的皮層細胞（含有行光合作用色素）組成，藻體腹面（向地面）緊貼著礁岩基質或其他鈣化生物生長。因此在野外觀察殼葉藻的藻體，可看到的鈣化小葉片邊緣呈波浪狀，葉片邊緣不緊貼於礁岩上，藻體表面呈現出碎浪波紋狀。鈣化藻體厚度約100~300 μm，約35~45層細胞厚。鈣化葉片縱切面可觀察到葉片下層的髓質細胞由葉片內部向外呈放射狀生長。四分孢子體世代具有多孔的四分孢子囊腔，具平頂狀的四分孢子囊腔會凸出藻體表面，囊腔內有多個帶狀分裂的四分孢子囊（目字形）。學名：Harveylithon roseaL.-C.Liu & S.-M.Lin in Liu et al. (2018)模式種產地:桃園新屋藻礁。棲地：較常出現在藻礁區的礁岩或鵝卵石上，亦可在1~2公尺深的亞潮帶藻礁區域發現。分布：目前僅記錄於臺灣北部，由桃園市、新北市至基隆市沿岸。形態特徵：無節的鈣化藻體，外觀近圓形或橢圓形殼狀，長約2~5公分，寬約3~4公分，藻體邊緣常呈淺裂狀或略有波浪弧狀。藻體背腹分明。藻體背面為照光面藻體，背面由 15-30 層或以上的皮層細胞（含有行光合作用色素）組成，背面的皮層細胞中含有可行光合作用的色素蛋白，使藻體表面呈現粉紅色或玫瑰色。腹面為背光面，腹面藻體緊貼著基質(礁岩或其他鈣化生物)生長。藻體厚度約300~500μm，約25~50層細胞厚。藻體縱切面可觀察到髓質明顯鈣化，而葉片縱切面可觀察到葉片下層的髓質細胞由葉片內部向上呈半放射狀生長。四分孢子體世代具有單孔的四分孢子囊腔，囊腔不凸出或微微凸出於藻體表面。囊腔內有多個帶狀分裂的四分孢子囊。學名：Phymatolithon margoundulatusL.-C.Liu & Showe M.Lin模式種產地：桃園新屋藻礁。棲地：較常出現在藻礁區的礁岩或鵝卵石上，廣泛分佈於高潮位藻礁區，亦可由高潮位至1~3公尺深的亞潮帶藻礁區域發現。分布：目前僅記錄於臺灣桃園市藻礁區。形態特徵：無節的鈣化藻體，外觀近扇形平面藻體或扁平不連續狀的玫瑰花座形，長約2~4公分，寬約2~3公分，藻體邊緣常呈淺裂狀或略有波浪弧狀。藻體背腹分明。藻體背面為照光面，藻體背面由 10-15層或以上的皮層細胞（含有行光合作用色素）組成，背面的皮層細胞中含有可行光合作用的色素蛋白，使藻體表面呈現紫紅色到深紅色，藻體邊緣多為白色或淺粉色。腹面為背光面，腹面藻體緊貼著基質(礁岩或其他鈣化生物)生長。藻體厚度約100~250μm，約35~45層細胞厚。藻體縱切面可觀察到髓質明顯有鈣化，而葉片縱切面可觀察到葉片下層的髓質細胞由葉片內部向上呈半放射狀生長。四分孢子體世代具有多孔的四分孢子囊腔，囊腔以半球狀凸出於藻體表面。囊腔內有多個帶狀分裂的四分孢子囊。參、柴山多杯孔珊瑚介紹柴山多杯孔珊瑚在分類上屬於刺絲胞動物門 (Cnidaria)、珊瑚綱 (Anthozoa)、六放珊瑚亞綱 (Hexa- corallia)、石珊瑚目(Scleractinia)、葵珊瑚科(Caryo- phylliidae) 的成員。最初是在 2012年由當時就讀臺灣大學海洋所碩士班學生林梅芳（陳昭倫博士指導）發表。桃園藻礁生態系柴山多杯孔珊瑚 (Polycyathus chaishanensisLin, Kitahara, Tachikawa, Keshavmurthy & Chen 2012)由中央研究院的陳昭倫博士研究團體在2017年証實存在桃園大潭藻礁海域。在2019-2020，海洋大學林綉美研究團隊在大潭藻礁已陸續紀錄有100株以上的活群體（見下圖）。由於這個種類很少被紀錄，研究文獻甚少，對其在生物學、生態角色的扮演上目前認識不多。在臺灣目前僅在高雄柴山與桃園觀音沿岸藻礁區有紀錄過其分佈。本種珊瑚亦為野生動物保育法公告的(第I級)瀕臨絕種保育類野生動物。||肆、桃園藻礁相關調查報告一覽表桃園市藻礁相關調查報告資料一覽表|項次||資料來源||調查報告名稱||調查報告網址||1||海洋委員會|海洋保育署|108年度藻礁生態系調查計畫||海洋委員會海洋保育署官網||2||海洋委員會|海洋保育署|109年度藻礁生態系調查計畫||海洋委員會海洋保育署官網||3||行政院農業委員會林務局||「藻」回南桃園的里山海：南桃園藻礁水圈環境生態對社區生活產業的影響||行政院農業委員會林務局官網||4||桃園縣政府||桃園藻礁委託研究案期末報告(核定版)||桃園縣政府農業發展局辦理，|經洽詢目前該局官網無公開資料。|5||桃園市政府||桃園市海岸生態保護白皮書擬定計畫||桃園市政府環境保護局辦理，|目前官網只公開105年以後資料，無本案資料。|6||桃園市政府||104年桃園市觀新藻礁生態保育委託專業服務勞務採購案結案報告||桃園市政府農業局辦理，|經洽詢目前該局官網未公開資料。|7||桃園市政府||107年度桃園市海岸環境|品質監測暨資訊管理中心建置計畫|桃園市政府海岸管理工程處辦理，|經洽詢目前該處官網未公開。|8||桃園市政府||桃園市藻礁提報自然|地景民意調查統計報告|桃園市政府海岸管理工程處辦理，|經洽詢目前該處官網未公開。|9||台灣中油股|份有限公司|桃園市觀塘工業區開發|計畫環境影響評估報告書藻礁生態系因應對策暨環境影響差異分析報告|行政院環境保護署環評書件查詢系統||10||台灣中油股|份有限公司|第三座天然氣接收站生態專區|【生態調查報告】|台灣中油股份有限公司官網||11||台灣中油股|份有限公司|第三座天然氣接收站生態專區|【環境監測報告】|台灣中油股份有限公司官網|"
全球稀有的大面積藻礁地形－桃園藻礁生態特性與保育,https://www.scimonth.com.tw/archives/2146,藻礁內部孔隙多，可棲藏多種生物，所有潮間帶的大小生物幾乎都在春夏繁殖，同時釋卵，孵出的各類幼生，再依賴著水中各種浮游生物成長，每種都有機會成功繁殖下一代。抱卵的 ...,"-- 封面故事- 2017年- 573期－藻礁（9月號）文章專區2017-09-01全球稀有的大面積藻礁地形－桃園藻礁生態特性與保育573 期Author 作者劉靜榆／行政院農業委員會特有生物研究保育中心副研究員。聽到藻礁，我們會聯想到礁岩上長滿了藻類，但是如果這些藻類不鈣化的話，其實並不會造礁，因此真正的藻礁是指可以鈣化的石灰藻經年累月堆積形成的礁體。可鈣化的石灰藻在海洋裡面並不罕見，但是現生由可鈣化的石灰藻建造成大面積藻礁地形，在全世界就相當稀少。臺灣的東南海岸有著蜿蜒的珊瑚礁地形，而臺灣的西岸，一般的認知就是綿延的沙丘交錯河口的泥灘地，這是兩種完全不同的生態系。然而在臺灣的西北海岸，同樣有著發達的沙丘地形，卻連結者藻礁海岸，這是一個奇特的生態系，混合有著沙灘和礁岸兩種截然不同的生物群聚。藻類主要的生長季為冬春兩季，隨著氣溫升高，藻類會逐漸死亡，紅藻門的殼狀珊瑚藻將海洋裡面的鈣累積在體內，形成固態的碳酸鈣，還可以膠結礫石或石灰碎屑。位於藻礁最上層新形成的部分，可看出殼狀珊瑚藻年年生長的鬆散結構。桃園藻礁形成生物礁泛指可鈣化生物所累積的礁體，包括我們熟知珊瑚建造成珊瑚礁，或是石灰藻建造成藻礁，當然有些多毛類的石灰質棲管可以累積成管蟲礁，牡蠣殼也可以累積成牡蠣礁，這些生物礁都是生物將海洋裡面的鈣透過各種生理的機制累積在體內，形成固態的碳酸鈣，其中紅藻門（Rhodophyta）的殼狀珊瑚藻 （crustose coralline algae）不但可以留下石灰質，還可以將海洋中碎屑的石灰塊膠結在一起。造礁的先決條件就是要有硬的底質，才可以讓這些造礁生物附著生長，臺灣西海岸綿延的沙質灘地上，卻在桃園一帶有古石門沖積礫石層，因此造礁生物可以在這裡生長，桃園地區算沙丘地形的最北端，所以積沙的情形還在這些造礁生物的生長容許範圍內，相對的在苗栗海岸，雖有礫石灘，卻因漂沙覆蓋週期過長，礁體累積不足，無法成礁。根據歷史紀錄「臺灣西部之重砂礦牀」調查報告提及，觀音海水浴場附近的白玉海岸有石灰藻類及貝殼與小礫等混結而成之珊瑚層（coralline bed）， 是最早提到臺灣石灰藻類造礁的資料（陳培源，1953）。 1986 年德國學者賴內克（Reineck）與鄭穎敏教授以德文發表一篇有關藻礁剖面的學術報告，所調查的區域包括桃園內海，位於新街溪口至老街溪口之間，報告中並將內海的藻礁繪成剖面圖。回溯最後一次冰河融解，海平面上升，臺灣海峽才被海水淹沒，在數千年前，有著礫石底層的桃園海岸，逐漸形成藻礁海岸。在一層一層的藻礁中，偶可看到夾雜著珊瑚，即使純藻類膠結的部分，也有些層鬆散、有些層緊密，可由這些剖面來研究海岸或是氣候的變遷。臺灣大面積的藻礁海岸，主要分布在桃園，累計約有27公里，從一些施工過程所挖掘出來的生物礁塊以及鑽探結果，可以推論出桃園海岸擁有厚度4~6公尺的生物礁，而海岸廣闊的藻礁，也被證實延伸至海岸的沙丘下方（王士偉等，2009、劉靜榆，2013），甚至在逐漸退縮的新屋溪河床上可看到厚實的藻礁層。桃園海岸潮間帶露出來的平均寬度約500公尺，正常海浪經過如此長距離的消能，到岸邊時破壞力已大幅減弱，多孔隙的礁體對於消減波浪能量有極大的貢獻，比起水泥消波塊的平滑構面，消能效果更佳，而且藻礁是一體成型、大面積膠結，因此不會像消波塊一顆顆，隨著浪滾到外海或沈入沙中。由於桃園海岸生物礁分布範圍沒有斷層或褶皺等構造線，推論礁體的發育過程可能是處於地體構造較為穩定的狀態，特別是在礁體下方之古石門沖積扇礫岩層中，並沒有任何無脊椎動物殼體（陳文政，1990、王士偉等，2009、劉靜榆，2012），因此推測在最後一期礫岩的沉積之後，才開始有生物礁的發育，桃園地區生物礁的發育可能是古海水面相對快速上升的結果（許民陽，1993、王士偉等，2009）。地質學者陸續透過測量動植物組織中碳–14同位素存在的量，利用碳–14會因衰變而減少的原理，配合已知年代的資料進行定年，來證明桃園海岸生物礁生長時間，桃園海岸在7500年前生物礁即開始生長，於4500年前，造礁藻類在桃園海岸逐漸取得生長優勢（許民陽，1993、許民陽，2010、王士偉等，2009、戴昌鳳等，2009）。藻礁的造礁速率到底有多快？這是很多人都想要知道的，然而速率的計算非常困難，若礁體有被侵蝕的狀況，就更沒有辦法準確估計，所以只能依據現有的資料抓個大略。國外的文獻提到地中海的礁體發育速率為每年0.67毫米（0.67 mm/yr）（Titschack，2008），而王士偉博士則將桃園採得礁體之最頂部設為基準年代0 BP（before present），基準年代相當於1950年，假設桃園海岸生物礁的向上增積速率穩定，利用礁體厚度與定年資料，計算礁體的向上增長速率為0.24~1.21 mm/yr， 這樣的造礁速率顯然比珊瑚礁慢很多。野外觀察現生珊瑚藻，在生長末期可以看到藻體周圍逐漸鈣化成白色，每層殼狀珊瑚藻鈣化的厚度為0.1公分以下，若水質狀況不佳，殼狀珊瑚藻覆蓋率低，或鈣化後被波浪及其他生物作用所消耗，大概就僅剩一半或更少。雖然珊瑚藻在強浪下仍可生存，只是藻類造礁速率很慢，所以富貴角向東延伸至東北角也有藻類造礁，但波浪強度太大的海岸，例如老梅石槽，要累積足夠的殼狀珊瑚藻，來建造大面積藻礁，機會不大。另一重點是，無論造礁條件多好，礁體厚度累積速率還是受到平均海水高度的限制，不會無限向上增長，即使是抬昇型海岸，藻礁也會因為抬昇作用成為高潮線的化石，這在屏東風吹砂、旭海及阿朗壹附近可以看到。當然也不會無限向下延伸，殼狀珊瑚藻生長需行光合作用，陽光足以穿透到的深度，才有足夠的光可進行光合作用。綜上所述，有硬底質可造礁的海域，若適合珊瑚生長，因為珊瑚造礁速度較快，就會是珊瑚礁，當珊瑚被各種因素限制生長時，才有機會形成藻礁海岸。攤開地圖看看臺灣符合這些條件的地方有哪些？其實就是桃園而已，北海岸的西側勉強符合這個條件，那裡的珊瑚比例大約佔5成，北海岸的東側往東北角一路下到臺灣的東海岸，珊瑚的比例更是高達9成。桃園海岸擁有厚達4公尺的藻礁，數千年累積一體成形，相較於人工的消波塊或護岸堤防，更加牢固。海岸的藻礁往內陸延伸範圍廣闊，從近幾年新屋溪口的侵蝕作用後，看到露出河床的藻礁層可證實。桃園藻礁生態特性臺灣北海岸至桃園一帶冬季受到大陸閩浙沿岸冷水流（China Coastal Water）南下影響，這與臺灣東岸受黑潮暖流（Kuroshio Current）北上影響的東部海域，生態特性大不相同。洋流中海藻的孢子或動物的幼生，隨著洋流被帶到潮間帶，造成臺灣西北及東南兩側造礁生物不同、礁體結構不同、棲息在礁體內的生物也迥異。殼狀珊瑚藻在臺灣許多海岸都可以零星發現，典型的藻礁海岸只出現在桃園，雖說往南可延伸至新竹新豐，往北可至新北市富貴角，然而新豐為礁沙各半交錯，富貴角以西則屬於藻礁與珊瑚混合型。此外，屏東風吹砂、旭海及阿朗壹多是早期造礁，現為高潮線的化石，低潮線以下仍為珊瑚優勢。若將藻礁分布區與臺灣海岸棲地比較，會發現藻礁區周邊通常有大小不一的沙丘。就是因為海裡本來就有較高的含沙量，才會在高潮處形成沙丘，這片海域勢必較為混濁，多數珊瑚無法生存，生命力強韌的殼狀珊瑚藻順勢取得優勢。東北季風盛行的季節，海中的沙會向內陸移動，沙丘高度大增，沙積在高潮處，海水會變清澈，這時沿岸冷水流南下，營造藻類大量繁生、快速增長的環境，因此冬春季是主要的造礁期。隨著季節的變化，進入了夏季，風向轉為西南氣流，陸地上的沙再度的回到海中，海裡的沉積物明顯增多，而沉積物會讓藻礁增長停頓，殼狀珊瑚藻蟄伏在這些泥砂下，等待著颱風的來臨，風浪可以將藻礁表面覆沙暫時帶走，幾天露臉，可保持不死之軀，撐到中秋節後，下一道冷鋒到來，將沙源帶回陸上，再次繁生，如此年年循環，累積數千年。藻類的主要生長期在寒冷的冬春季，這個季節隨著東北季風帶來的水氣，常有降雨，大量繁生的包括造礁的殼狀珊瑚藻和不造礁的各種藻類，這些生產者提供了整個生態系主要的食物來源，小型蝦蟹及螺類啃食者這些藻類，當溫度慢慢增高後，進入繁殖季節，藻類數量明顯減少，卻看到潮池內魚類的幼生增多了，母蟹們也懷抱著數以萬計的卵，穿梭在潮池間，等待著大漲潮時將它們的卵釋放到大海裡。釋放出來的卵，馬上變成浮游動物，漂浮在海水中，等待數次的蛻殼後，回到潮間帶，在這個過程，這些浮游動物提供了藻礁區內小型魚類的食物，而有些幼魚也成為抱卵母蟹的食物，像褐籃子魚（Siganus fuscescens）， 在盛夏時分1~2公分的幼魚密布藻礁潮池，成為螃蟹的美食。章魚（Octopus sp.） 穿梭在藻礁縫隙間搜尋著美味的蟹、貝類，喜歡吃螃蟹的魚兒，像玳瑁石斑（Epinephelus quoyanus）、大斑裸胸鯙（Gymnothorax favagineus），也到藻礁區覓食，吃飽後還可以在潮池裡安心的睡個好覺。造礁生物不同、礁體結構不同，再加上南、北潮流的差異，在臺灣東部及南部潮間帶廣泛分佈的光手酋婦蟹（Eriphia sebana），在桃園藻礁區完全看不到，而在桃園藻礁區是最為優勢的種，同科的兇猛酋婦蟹（Eriphia ferox），卻不見於臺灣東南海岸。兇猛酋婦蟹是桃園藻礁區最醒目的物種，從它的顏色可以看出來這是在紅藻堆裡長大的螃蟹，大螯鮮明的紅橘與紅藻生長旺季時顏色蠻類似，而背甲的棕色系，與俯瞰礁體的顏色相符。由殼狀珊瑚藻層層堆疊膠結的藻礁，所形成的礁體結構不似珊瑚礁堅硬，而是比較鬆脆，多孔隙的空間提供給底棲動物棲息，甚至大型有力的動物（如兇猛酋婦蟹），還可以直接的挖掘洞穴而居，不像棲息在珊瑚礁裡的動物，需要分泌酸來溶蝕珊瑚的骨骼，以便住在珊瑚礁內。藻礁雖沒有珊瑚礁生態系的多彩繽紛，卻因殼狀珊瑚藻可生長於多數造礁珊瑚無法存活的環境，與之伴生的物種也多具備高環境忍耐的特性，這些種類對於日益惡化的海洋環境、氣候變遷上將會扮演重要的角色。桃園藻礁是臺灣西部生物多樣性最高的珍貴海岸，幾乎是臺灣海岸棲地類型的濃縮版，這裡有生物礁、礫石、沙灘、沙丘、泥灘、草澤、紅樹林，周邊還有淡水埤塘，這種特別組合，造就列名國際自然保育聯盟（International Union for Conservation of Nature and Natural Resources, IUCN）紅色名錄（Red List of Threatened Species）之易危（Vulnerable）鳥種──唐白鷺（Egretta eulophotes）過境族群曾達300隻以上，因為在潮池中體型並不大的魚是唐白鷺的最愛，每年春秋兩季，定時來報到，大快朵頤一番，而且在很小的範圍內食物供應、休憩區、淡水來源都不虞匱乏。藻礁內部孔隙多，可棲藏多種生物，所有潮間帶的大小生物幾乎都在春夏繁殖，同時釋卵，孵出的各類幼生，再依賴著水中各種浮游生物成長，每種都有機會成功繁殖下一代。抱卵的母蟹會釋卵，而釋出的卵會成為小魚的大餐，高蛋白質的蟹卵對小魚來說是上天的恩賜。每年小魚吃蟹卵、母蟹吃小魚，倖存下來的魚，長大會回到海中，沒被吃掉的蟹卵，也有機會變成另一隻螃蟹，這就是藻礁生態系運作的樣貌。整個食物鏈看似殘忍，卻是生生不息、一直繁衍，而在藻礁潮池及周邊的水域，也就是海洋生物生息繁衍的重要棲地。單就人類生活需求的角度思索，藻礁區提供我們日常所需的海產，又是天然的消波塊，可以保障我們生命財產的安全。古石門沖積扇將大量的礫石堆積在桃園的海岸，逐漸的附著生長各種造礁生物，桃園發達的沙丘地形，導致海中的含沙量偏高，限制了珊瑚的生長，生命力強韌的殼狀珊瑚藻順勢取得優勢。桃園觀音區的大潭海岸的殼狀珊瑚藻與瀕臨絕種的柴山多杯孔珊瑚混生。在大潭藻礁區發現還沒被命名的新種章魚，穿梭在藻礁縫隙間搜尋著美味的蟹、貝類。喜歡吃螃蟹的玳瑁石斑到大潭藻礁區覓食，吃飽後就在潮池裡安心的睡個好覺。2008年才被命名的兇猛酋婦蟹是桃園藻礁的代表動物，主要族群以大潭藻礁為中心，往北到北海岸、東北角，往南到苗栗、澎湖。大潭藻礁是個安全又有趣的生態教室，看！兇猛酋婦蟹懷裡抱著什麼呢？桃園藻礁開發與保育由於石門水庫的興建，自1956年起政府將原居住在桃園大溪鎮阿姆坪的居民分批遷村，於觀音的草漯、樹林子、大潭及大園的圳股頭至茄冬坑一帶，陸續設置幾個移民新村。他們從山上來到陌生的海邊建立家園，歷經數年胼手胝足的開墾，終於將海埔荒地種出作物，也逐漸適應海岸生活，農閒時到藻礁區採海菜、撿珠螺。觀音的大潭自高銀化工廠於1973年設立後，將製程中含有鎘、鉛等重金屬的廢水排入溝渠，大潭村民陸續發病，至1978年才被臺灣省水污染防治所檢驗出米中含有重金屬──鎘，數年後大潭被規劃為特定工業區，1990 年多數土地由政府以發補償金方式徵收。當時桃園還連續爆發數起鎘米事件，此後所有農漁獲無人問津，因此1980年前後，海湖坑口工業區、大園工業區、觀音工業區陸續成立，工廠開始進駐各工業區。除了南端的新屋，幾乎桃園所有的海岸線都在工業區的影響範圍之內。蘆竹鄉與大園鄉交界之南崁溪流經海湖坑口工業區，溪口長年有墨黑色廢污水，極度惡臭；新街溪、老街溪流經大園工業區，有時海水會呈墨綠色或橘黃色；富林溪、樹林溪流經觀音工業區，溪流的出海口不但瀰漫著一股溫熱的臭味，溪水經常墨綠色、暗紫色。這些工業區的污水處理廠，綜合數百家的廢液排入海中，造成藻礁無法存活，其他依附的生物也全部死亡，這段已被毒害30多年的藻礁海岸，就像藻礁的大停屍間，即使春天也長不出綠藻，甚至沒有任何魚貝蝦蟹可以靠近，有些區域連卵石都被污水染色。在北桃園及中桃園海岸，由南崁溪口至大堀溪口，這段長達十幾公里的藻礁海岸，許多的重金屬元素都遠遠超過北海岸數十倍以上。然而臺灣目前發育最好的藻礁和完全死絕的藻礁卻全部都在觀音海岸，2007年中油公司因為要輸送天然氣給大潭電廠，設置一條管線從臺中港到桃園，就在觀音區保生海岸，施工過程將完整的藻礁區開膛破肚，這件事情經過報紙頭版頭條及電視新聞等媒體的多次報導之後，藻礁議題浮上檯面。在臺灣蠻野心足生態協會及臺北律師公會蔡雅瀅等多位律師主動協助下，於2008年5月9日函文行政院農業委員會，申請指定藻礁自然保留區暨自然紀念物，農委會於同年8月26日召開現勘，桃園縣政府及多位審議委員親臨觀音藻礁海岸，當場決議根據文化資產保存法第3條第7款之「自然地景」，成為劃設保留區前之列冊追蹤，暫列藻礁海岸為自然保留區，暫時受到文資法的保護，並於9月正式函復臺灣蠻野心足生態協會，可惜這個決議因桃園縣政府未能辦理後續評估及公告程序而失效。而這個未能完成公告的自然保留區，就在在地居民潘忠政等人奔走之下，跨黨派立委協助及媒體自2012~2014這三年來不斷的報導，終於在2014年根據野生動物保育法劃設了觀新藻礁野生動物保護區，但卻只有保護桃園27公里藻礁中的4.5公里，離預期目標差異頗大。原來是抓到一隻同種類的小螃蟹，這可是兇猛酋婦蟹的美食。藻礁結構比較鬆脆，多孔隙的空間提供給底棲動物棲息，像兇猛酋婦蟹，還可以直接挖洞棲息於內。觀音工業區外側大面積毫無生命力、令人心驚的黃白色礁體，就像藻礁的大停屍間，即使春天也長不出綠藻。再次成為媒體焦點大多數人的認知，臺灣的藻礁生態系已經有法源的保護，我們不用再擔心了，但今（2017）年大潭藻礁再次變成媒體的焦點。大潭因為1978年的鎘米事件，歷經多年波折，1992年，桃園縣政府在觀音鄉報編開發大潭濱海特定工業區，1997年起臺電規劃興建燃氣電廠，而東鼎液化瓦斯公司看中這龐大市場，向經濟部申請觀塘工業區開發案並開闢觀塘港，2000年核定設港，自此藻礁就在挖填之間，增加4道垂直突堤。今年中油向東鼎公司價購當時觀塘工業區、觀塘港用地，及已經通過的環評，觀塘工業區將以填海造地方式，完全填掉大潭230公頃的海岸。後續觀塘工業港垂直海岸線突出3公里，所影響到的範圍往南北兩側也都至少各3公里，突堤效應可能造成的積沙，將大面積埋掉北側的白玉海岸，以及南側的觀新藻礁野生動物保護區。"
什麼是藻礁？ | 焦點事件,https://eventsinfocus.org/issues/7145917,藻礁，是由「無節珊瑚藻」在硬基質上形成的生物礁，無節珊瑚藻會形成由碳酸鈣組成的骨架，經過長年的累積，構築出多孔隙的礁石地形，並成為潮間帶生物的棲息地。,藻礁，是由「無節珊瑚藻」在硬基質上形成的生物礁，無節珊瑚藻會形成由碳酸鈣組成的骨架，經過長年的累積，構築出多孔隙的礁石地形，並成為潮間帶生物的棲息地。不過，與珊瑚礁不同，珊瑚藻對環境的耐受度比較強，能夠生長在光線昏暗的深水地區、易受浪潮打擊的潮間帶區、鹽度變化較大的泥沙岸以及濁度和營養鹽濃度高的河口環境中，也因此發展出與珊瑚礁不同的生態體系。此外，藻類造礁過程相當緩慢，可能20年還成長不到1公分，相比於珊瑚礁平均年成長1公分，藻礁更為稀有特別；長期研究藻礁的特生中心棲地生態組副研究員劉靜榆曾表示，大面積的藻礁地形較為罕見，全台灣更是只有桃園的海岸是以藻礁地形為主，延伸北海岸的礁岩地形，已經有50%以上是珊瑚礁，到了東部海岸，則有90%以上是珊瑚礁地形。而桃園獨特的藻礁地形也孕育出獨特的生態系，因為珊瑚藻的環境耐受性較強，能夠忍受濁度與鹽度較高的沙岸環境，使得桃園海岸形成沙岸、礁岩共構的地形，支撐沙岸生物與礁岸生物兩大不同的生態系，因此生物的物種類群及多樣性都與其他生態系不同。如大潭藻礁常見的「兇猛酋婦蟹」，雖然台灣東部有三種不同的酋婦蟹，但兇猛酋婦蟹這個品種只有桃園才找得到，足見藻礁生態系的特殊性。
藻礁是什麼？一秒帶你看懂桃園大潭藻礁和中油的關係,https://www.lifeaholic.tw/article51894/,桃園大潭藻礁是全台規模最大且最完整的礁體，根據環團資料，至少有7600年歷史，才能生長到如此壯闊的面積。 在生態結構上，藻礁擁有更綿密的多孔性結構，提供了魚蝦好的 ...,你聽過藻礁嗎？近期新聞吵得沸沸揚揚的藻礁公投，和中油興建第三天然氣接收站有極大的關聯，海岸建設讓藻礁生存受到威脅，連帶影響整個生態環境，造成生物多樣性發展受阻，無疑是環境的一大傷害。未來編整理出藻礁懶人包，讓你一次看懂藻礁是什麼，藻礁遭到破壞又會對環境造成什麼影響。藻礁是什麼藻礁不是指單一個物種，而是一群可以進行「鈣化作用」的藻類集合體，其中最著名的一群被稱作珊瑚藻。珊瑚礁VS藻礁珊瑚礁和藻礁都屬於生物造礁，珊瑚礁靠珊瑚蟲形成，藻礁則透過藻類造礁；珊瑚礁是「動物造礁」，藻礁屬於「植物造礁」。兩者的生長特性也不同，珊瑚礁生長速度較快，需要較好的生長環境；而藻礁生長速度慢，但可以適應較差的環境，基於生長速度和競爭因素，通常有珊瑚礁的地方，就不會有藻礁。藻礁特性藻礁的生長速度非常緩慢，平均10年才長1公分，因此大面積的藻礁地形是非常珍貴的，而藻礁為「無節珊瑚藻」所構成的多孔隙礁石地形，相當適合潮間帶生物居住，具有高度生物多樣性。台灣的藻礁分布目前台灣大規模的藻礁地形分布在桃園市海岸，從觀音到新屋外海，綿延27公里，剩下則是零星分布在新北市石門、三芝、屏東縣墾丁、台東縣三仙台、杉原等地。桃園大潭藻礁和中油衝突台灣能源轉型為了實現2025非核家園，實現能源永續發展，政府積極進行能源轉型，台灣目前以火力發電為大宗，其中又以燃煤發電為主，燃氣發電為輔，燃煤造成的空汙危害，遠大於燃氣，因此將燃氣發電比例提高，也是未來的政策重點。目前台灣已有2座天然氣接收站，分別在台中及高雄，為有效提升國內天然氣供應的安全度和可靠度，因此設立在位在北部的桃園大潭，不只鄰近大潭發電廠，也可以減少南電北送的成本。珍貴的大潭藻礁生態桃園大潭藻礁是全台規模最大且最完整的礁體，根據環團資料，至少有7600年歷史，才能生長到如此壯闊的面積。在生態結構上，藻礁擁有更綿密的多孔性結構，提供了魚蝦好的生長環境，蟹類豐富度甚至高於墾丁國家公園的潮間帶，同時也是候鳥的食物補給站。大潭藻礁的地質特殊形成不易，且生物多樣性高，也在2019年被國際知名海洋保育團體Mission Blue列入保存獨特生態系統希望熱點。對於藻礁而言，海岸建設、工業廢水污染和淤砂掩埋，都會影響生長，也會影響到此棲息的生物，進而影響整個生態系，若中油興建新的天然氣接收站，勢必會破壞目前的藻礁景觀。能源VS生態的取捨台灣的能源轉型是必然的，減少燃煤汙染，以燃氣取代及其他綠色再生能源取代，才能達到真正的能源永續發展，不過同時也需要思考，在能源轉型的同時，是不是也需要犧牲富有歷史、文化意義和台灣獨特性的生態景觀。目前保護大潭藻礁公投案，進行到第二階段的連署，如果中油可以提供更完善且不破壞環境的方法，興建第三液化天然氣接收站，或許能夠在能源轉型和生態保育中得到雙贏的結果。想了解更多關於「藻礁公投連署資訊」請到>>珍愛桃園藻礁延伸閱讀：蘭嶼旅遊｜咖希部灣：堆垃圾的美麗海灣，你沒看過的飛魚秘境台灣綠能產業有哪些？風力發電、離岸風電原理、優缺點比較什麼是爐渣(爐碴)？除了環境衝擊外，4步驟自我檢測家中是否為爐渣屋國際臭氧層保護日｜臭氧層破洞有什麼影響？從生活中保護臭氧層
【藻礁公投吵什麼】生態篇 - 環境資訊中心,https://e-info.org.tw/node/232753,國際海洋保育組織「Mission Blue」已於2019年將大潭藻礁列入全球「希望熱點」，證實大潭藻礁具有世界級自然遺產的價值。特有生物研究保育中心副研究員 ...,正反兩方都主張「護藻礁」 歧見到底在哪裡？三接工程最大的爭議，在於其對大潭海岸藻礁生態系的衝擊。原方案是在離岸700公尺處興建天然氣接收站，迴避藻礁生態熱區，以簍空棧橋連接，「再外推方案」則是將接收站外移至離岸約1.2公里處，以不浚深的方式建港，但公投主文則要求「三接遷離離岸5公里外」。爭點：為了保護大潭藻礁，三接是否應該停工？正反雙方都認同大潭藻礁生態應受保育，他們所說的保護究竟是哪種保護？公投正方主張國際海洋保育組織「Mission Blue」已於2019年將大潭藻礁列入全球「希望熱點」，證實大潭藻礁具有世界級自然遺產的價值。特有生物研究保育中心副研究員劉靜榆指出，藻礁的生長條件及生態系有其獨特性，學者在此紀錄到一級保育類動物柴山多杯孔珊瑚、紅肉ㄚ髻鮫以及白海豚。中央研究院生物多樣性研究中心多位學者曾指出，因工業污染、填海造陸、海岸人工化所造成的棲地破壞，已使得近75%桃園藻礁生態消失，呼籲政府應迅速將目前僅存白玉連接大潭到新屋這段健康的藻礁，公告為國家級的自然遺產。中研院研究員陳昭倫指出，要保留生態功能，唯一的方法就是立即停止三接興建工程，並將4公里內的水體與礁體劃設為海洋保護區。公投反方主張對於保護藻礁的回應，2021年鄭文燦於臉書發文：「2015年，我要求農業局委託中央大學進行藻礁調查，中央大學報告結論並未建議將大潭海岸劃設為自然保留區。」大潭藻礁3公里海岸，則因觀塘案通過環差審議，在行政上無法以指定暫定自然地景，阻止已通過的環評。台灣中油說明，三接動工至今，持續投入藻礁環境維護及生態監測，已於大潭海岸清理超過99公噸垃圾，小燕鷗棲地營造達成夏季繁殖成功率近90%，柴山多杯孔珊瑚族群從75個增加到超過100個。經濟部主張，三接再外推方案可達「顧供電、減空污、顧藻礁」三贏，經濟部次長曾文生強調，人類活動對原始生態一定有影響，但經過科學調查，再外推方案已極力將生態影響降到最低。爭點：三接工程形成的漂沙是否會影響藻礁生態？過去有研究指出，台電大潭電廠在垂直海岸方向建了二道堤防，造成明顯的突堤效應，突堤效應形成的漂沙究竟會怎麼影響藻礁生態？公投正方主張藻礁公投推動聯盟認為，「突堤效應」將影響漂沙量，造成「北淤、南侵、中間沙埋」，也就是北側白玉藻礁淤積、南側觀新藻礁保護區遭受侵蝕，生態最佳的中段大潭藻礁也都將面臨更大的威脅。中研院陳昭倫指出，大潭藻礁區域已有四道很明顯的人工建物，這些結構體造成的的突堤效應，將漂沙堆積在藻礁上，特別是現在最具環評爭議的天然氣接收站與觀塘港第一期工程。針對開發方所說「棧橋簍空可以減輕淤沙、保護藻礁」，他也表示，沒有人會知道在一個動態平行下的現有藻礁未來會是如何，「再精密的水工模擬模型都無法告訴我們最後的真相⋯⋯直到所有的工程做好之後就已來不及了。」公投反方主張台灣中油說明，在三接工程開工之前，藻礁就曾被泥沙覆蓋，藻礁生態熱點G1及G2區潮間帶「沙來沙往」本就是大自然現象。經濟部次長曾文生指出，成大水工所團隊模擬「未建港」與「再外推」方案的漲退潮水流，發現採鏤空棧橋設計的再外推方案，兩側海水仍能通過棧橋，可以持續流向潮間帶藻礁區；而再外推方案讓棧橋內的隔離水道變得更寬，使G1、G2藻礁區附近的海水流速高於未建港的條件，漂沙較不易淤積，反而有利藻礁[1]。台灣中油則在環評會議說明，行政院宣布再外推方案後，工業港已經取消填區及浚挖，對於近岸藻礁影響減小；而防波堤遮蔽效果，也有助維持G1、G2區裸露藻礁不易被淤砂掩埋。爭點：藻礁生態分佈範圍、三接影響面積有多大？公投正反方對於藻礁生態分佈範圍各自有主張，對於三接工程對藻礁生態的影響範圍也不同。一片藻礁，雙方如何各自解讀？公投正方主張藻礁公投聯盟指出，再外推方案並未超過離岸1.7公里，環評資料也顯示，鑽探結果的開發範圍內多處海床仍有藻礁，部分水深超過18公尺的鑽探點位也有礁體。藻礁盟表示，三接包含「觀塘工業港」與「觀塘工業區」兩個開發案，經濟部對外宣稱影響面積僅2%，卻絕口不提三接外推方案的碼頭、防波提等人工設施面積高達45公頃，會對藻礁生態造成衝擊。珍愛桃園藻礁主張，藻礁生態系本來就不是單獨的存在，潮間帶健康的藻礁需要的亞潮帶健康的泥沙生態的支持，強調「海底泥沙環境生態當然是藻礁生態系的ㄧ部分」，認為開發方所提「潮間帶與海底是兩個不同生態系」的主張，屬生態歧視，是嚴重的錯誤。公投反方主張台灣中油指出，實地鑽探是最能了解海床地質的方式，至今共執行了103個鑽探點的岩芯資料，經中央大學地科院判讀，顯示水深18公尺處已無藻礁，最遠只到離岸1.7公里處。直指藻礁盟誤讀環差報告。經濟部指出，三接再外推案已經避開潮間帶全部藻礁，對於亞潮帶礁石的影響面積也縮減到最小，推算人造結構物影響海床面積不到2%。中油說明，進一步分析海底生物群聚，潮間帶藻礁生態與海底（亞潮帶）是兩個不同的生態系統，魚類、十足目及軟體動物聚群種類及組成都不一樣，主張不是潮間帶到海底全都是藻礁，再外推方案主要設施在亞潮帶，即使對海底泥沙生物有影響，也與藻礁生態關聯很低。註釋[1]環評資料指出，淤沙對於殼狀珊瑚藻屬於中度負面影響層級；對刺細胞動物豐富度與棘皮動物豐富度屬輕度正面至中度正面影響。參考資料- 台灣網路科教館，《臺灣西北海岸藻礁的生態價值》- 環境資訊中心，《大潭藻礁獲國際指定為「希望熱點」 內政部海審仍通過觀塘案》，2019/02/28- 環境資訊中心，《鄭文燦曾說藻礁海岸要劃「自然保留區」 環團籲兌現》，2018/11/05- 鄭文燦臉書貼文，2021/03/09- 中央社，《政院擬三接外推新方案 潘忠政：團隊會堅持立場》，2021/4/24- 自由時報，《藻礁公投倒數 潘忠政：若三接、四接合併能降低生態衝擊》，2021/10/08- 經濟部新聞稿，《台灣中油: 第三接收站依法取得開發許可 確實依環評審查結論執行 落實藻礁生態保育》，2021/03/02- 環境資訊中心，《【公投意見發表會】陳憲政質疑三接程序未落實 王美花強調外推方案有三贏》，2011/11/14- 環境資訊中心，《大潭藻礁不要說再見 來自中研院生物多樣性研究中心全體研究同仁的呼喚》，2017/09/18- 珍愛桃園藻礁 臉書貼文，2021/07/12- 中研院研究員陳昭倫 臉書貼文，2021/11/03- 關鍵評論網，《大潭藻礁的生與死：是雙贏的謊言？還是零和的環境救贖？》，2017/06/19- 經濟部新聞稿，《台灣中油投入藻礁生態保育已見成效 環團不應將自然現象造成的問題推給三接工程》，2021/09/09- 環境資訊中心，〈經濟部稱三接再外推方案影響面積小 藻礁盟批惡意切割生態系〉，2021/10/12- 行政院環保署 環評書件查詢系統，《桃園市觀塘工業區工業專用港環境影響說明書環境影響差異分析報告》，2021/10/12- 經濟部新聞稿，《三接再外推科學評估結果：海床影響面積僅約2%、觀塘每年平均可營運341天、沿岸淤沙會減少》，2021/10/12- 環境資訊中心，〈經濟部稱三接再外推方案影響面積小 藻礁盟批惡意切割生態系〉，2021/10/12- 聯合新聞網，《三接外推環差案今登場 經部：影響海床面積不到2%》，2021/10/12- 經濟部新聞稿，《經濟部樂意參加藻礁公聽會 以科學調查為基礎，盼由誤解走向理解》，2021/10/22- 經濟部新聞稿，《大潭海域在水深18m、約離岸1.7km即無礁石 藻礁公投「離岸5km皆藻礁」是前提事實錯誤》，2021/10/11- 珍愛桃園藻礁 臉書貼文，2021/10/12- 藻礁公投推動聯盟，〈藻礁公投推動聯盟 回應中油與經濟部聲明稿〉，2021/11/04
藻礁公投吵什麼？三接為何不遷台北港？正反交鋒一次看,https://www.cna.com.tw/news/firstnews/202102255006.aspx,藻礁是無節珊瑚藻類死亡鈣化後，沉積於礫石灘上形成的「植物礁」，平均10年才生成1公分，生長速度緩慢，桃園藻礁是經過數千年生長，才有如今規模。藻礁群 ...,藻礁公投吵什麼？三接為何不遷台北港？正反交鋒一次看（中央社網站）桃園大潭觀塘工業園區中油第三天然氣接收站案，2018年環評通過至今爭議不斷。環保團體發起「搶救藻礁」公投連署破50萬份，相關話題再次引起關注。現行開發方案與2015年規劃版本到底有什麼不同？對藻礁生態究竟有多大影響？對於全國減碳、供電計畫又有什麼影響？中央社整理5大正反論戰主題，帶你快速掌握爭議焦點。事件與爭議配合政府能源轉型政策，中油在觀塘工業區（港）新建液化天然氣接收站（簡稱「三接」），預估2025年完工，2022年10月起供應台電大潭電廠新增燃氣機組所需天然氣，確保北部電力供應穩定、減少空汙。三接棧橋新建工程2020年3月28日工作船斷纜、擱淺，藻礁生態疑遭影響破壞，引起社會矚目，環保團體與桃園民眾同年12月11日發動「搶礁藻礁公投連署」。藻礁是什麼？桃園觀音大潭藻礁是全球少數僅存的現生淺海藻礁，豐富生態養育近百種生物，包括保育類的柴山多杯孔珊瑚、綠蠵龜、台灣白海豚等，獲國際保育組織Mission Blue列為東亞第一個生態希望熱點。藻礁是無節珊瑚藻類死亡鈣化後，沉積於礫石灘上形成的「植物礁」，平均10年才生成1公分，生長速度緩慢，桃園藻礁是經過數千年生長，才有如今規模。藻礁群曾自大園、觀音綿延到新屋，隨著沿海工業區的開發，規模已從27公里縮減為約4、5公里。藻礁生態論戰：影響程度大還小？經部：經濟部次長曾文生說，在觀塘工業港水深超過10公尺的區域做過調查，海床都被砂石覆蓋，並沒有看到藻礁。不能說三接的興建絕對不影響環境，但經濟部盡最大努力修正。環團：桃園藻礁地形向海延伸範圍至少5公里，三接方案顯然仍在藻礁區範圍。新舊方案論戰：232公頃？23公頃？913公頃？經部：2015年規劃的開發方案，觀塘第三接收站開發面積達232公頃。為了兼顧供電穩定與環境保護，中油2018年1月提出替代方案，將開發面積縮減為37公頃；2018年8月底提出的「迴避替代修正方案」，進一步將開發面積減至23公頃，且只使用2003年之前已開發填地區域，避開藻礁；同時採取友善工法，維持藻礁跟潮間帶的生態。環團：三接有新增填區絕非僅使用2003年之前已開發的既有填區，且三接由工業區與工業港兩案組成，依環評資料，工業港將新增填海造地21公頃，且會設置碼頭海堤及北防坡堤、浚挖航道及迴船池，影響總水域面積為913公頃，中油與經濟部絕口不提，是誤導大眾。專家：長期研究藻礁的特有生物研究保育中心副研究員劉靜榆認為，中油三接工程帶來的凸堤效應，將造成一端侵蝕、一端淤積，等於判了藻礁死刑。環評論戰：是否強渡關山？環團：環評初審時，專案小組認定本案對藻礁生態有重大影響，不應開發。2018年10月8日環評大會環評過關，環團形容這是「環評史上最黑暗的一天」，環保署副署長詹順貴在大會舉行前發表辭職聲明。隨後，環團發起公投，並以審查有重大瑕疵為由，另提行政訴訟請求撤銷環評，但遭高等行政法院駁回。中油：三接施工計畫經環評審議通過，皆依法取得開發許可，施工過程會針對藻礁採取迴避方案，持續維護生態。站址論戰：為什麼不遷台北港？環團：三接設在台北港是更好的選擇，第一是有許多現成閒置土地可供使用，建站時程可提前，甚至比觀塘更早到位；第二是站位可成北部天然氣供應樞紐；第三則是經濟效益高，在中油可行性研究中，台北港建港成本就比觀塘省約70億元。中油：台北港方案時程無法滿足用氣需求，除了必須獲得港務單位同意，填築土方估計也需要10年以上。這項工程經八里地區、鄰近防空飛彈基地，又位於桃機起降航道下，必須取得八里地區居民支持、國防單位同意，也會影響飛航安全。行政院：若改採台北港，預計時程將推遲11年，北部可能出現電力缺口。天然氣論戰：真能減碳排、空汙？經部：天然氣發電的排碳量只有燃煤發電一半，三接如期完工、供氣發電，可以有效減少碳排放、改善空氣汙染，且能減少中電北送、南電北送需求，有助協助中部減煤。環團：天然氣碳排放量比燃煤少，但它仍是排碳的化石能源。三接計畫2025年完工，但若2050年達成減碳50%的目標，學者推估屆時將有4成接收站閒置，現在花1000億蓋三接，25年後閒置4成，這樣划算嗎？政府未來供電計劃經濟部表示，北部區域用電是台灣發展的關鍵，大潭新增機組如期供電後，可供近1000萬人口用電，其中的用電產業熱點也包括內湖科學園區、南港軟體園區、北北基桃各工業區，甚至在電網中支援部分的新竹科學園區用電。截至3月12日，「搶救藻礁公投」連署累計達69萬2436份，3月18日將交付中選會審議，除非有意外，本案將於今年8月28日交付全民表決。（編輯：李念庭、邱柏綱）1100307本網站之文字、圖片及影音，非經授權，不得轉載、公開播送或公開傳輸及利用。
我們的島| 藻礁有事嗎？ - 公共電視,https://www.pts.org.tw/ourisland_AlgaeReefs/media.html,桃園海岸以藻礁地形為主，直到1998 年，學者才發現它的存在。藻礁的形成，蘊藏了地質、水文、與氣候的密碼，古石門溪沖刷而成的礫石灘，提供穩定的底 ...,藻礁大未來2017環顧台灣 1600 公里長的海岸線，有藻礁分布的不到 50 公里，其中只有桃園，擁有連續 27 公里的藻礁地景，不過中油第三天然氣接收站，打算蓋在這裡。數十年的能源需求與數千年的藻礁，如何選擇？環顧台灣 1600 公里長的海岸線，有藻礁分布的不到 50 公里，其中只有桃園，擁有連續 27 公里的藻礁地景，不過中油第三天然氣接收站，打算蓋在這裡。數十年的能源需求與數千年的藻礁，如何選擇？有種物質，在我們日常生活中，時時刻刻都少不了它。它遠從印尼、馬來西亞、澳洲漂洋過海來到台灣，從零下 162 度的冷凝狀態，緩緩釋放，穿過兩百多公里的海管、陸管，串連成一條供應發電廠、工廠、住家的能源動脈。在能源轉型的過渡階段，正扮演著重要角色…1999 年，公視首度空拍桃園藻礁，在學者眼中地景最壯麗、生態最活躍的一段。2001 年，觀塘工業區和大潭電廠興建連續突堤，藻礁一些被工程挖除，一些被漂沙掩蓋。2016 年，中油第三天然氣接收站，將在這裡填海造陸 77.2 公頃，揭開藻礁保護與能源布局的艱難戰役…提到「珊瑚礁」許多人都不陌生，它創造了海底的繽紛燦爛。相對的「藻礁」卻很少人聽聞，它是由藻類層層堆疊而成，全世界相當稀有。台灣的桃園海岸就有發達的藻礁，原本有 27 公里長，現在卻減少到只剩下觀音、新屋4公里還有生機可言，該把它劃為保護區或保留區，爭議不斷...桃園海岸以藻礁地形為主，直到 1998 年，學者才發現它的存在。藻礁的形成，蘊藏了地質、水文、與氣候的密碼，古石門溪沖刷而成的礫石灘，提供穩定的底質，海水帶點泥沙的水質條件，讓造礁速度快的珊瑚生長受到限制，珊瑚藻類反倒欣欣向榮。污染，是藻礁惡化的關鍵，大潭電廠以南，觀音鄉和新屋鄉的藻礁，雖然狀況不佳，但相較於大潭電廠以北的，已經算幸運了，樹林和富林溪口的藻礁，更是慘烈，礁體被染成褐色，生態滅絕，無法想像一個沒有生命、完全死寂的海岸，所承受的污染有多麼沉重。夜幕低垂、萬籟俱寂，海洋生物，卻才要開始牠們的派對時間！走下潮間帶，翻看礁石，每一個小潮池，如同一座小世界。阿拉伯寶螺、小朋友喜歡的派大星，在礁石裡優雅漫步。貼著礁石的綠色小星星，則是會發螢光的海葵。但四面八方湧入的紅色海水，不定時地，浸染了牠們的居所。突兀的橘紅色礁石，在海岸不斷擴張，海，也逐漸寂靜。在桃園、台中、彰化、雲林、高雄等工業區密集的地方，我們經常會發現，工業區排放廢水的河流充滿異味、五顏六色，甚至有許多白色泡泡。但是這些河流，以前可能是當地居民牽牛汶水、浣衣洗菜，又或是跳水遊憩的乾淨小溪...填海造陸，曾經是人定勝天的象徵，人們想往大海擴張領土，發展新世界，這個人們創造出的夢想世界，是實？是虛？得到什麼？又付出什麼呢？「二十年後珊瑚有可能會從地球上消失」為什麼有上億年歷史的珊瑚會開始上演一場失蹤記呢？這個推測會不會成真？或許這個時候是該去探望那些久違的海洋朋友們，看看多年來 他們過的如何台灣目前藻礁的分佈，除了觀音海岸，就只剩下南台灣的墾丁風吹沙，以及北台灣石門、三芝、淡水之間的海岸，還保有部份的藻礁地形，它們的年紀從上千年到上萬年，是屬於冰河時期的古老記憶，究竟藻礁是什麼，又怎麼生長呢？第一次在桃園觀音海岸發現這片礁岩，是在民國 83 年，依照自己的經驗判斷，這應該是由石珊瑚死亡鈣化後累積形成的珊瑚礁地形，但是從腳底持續傳來的那種「不太堅硬」的觸覺，卻又與珊瑚礁的質地有所出入，當時心中出現了兩個疑惑「這真的是珊瑚礁嗎？」、「台灣西部沙質海岸為什麼會出現這樣的地形？」事後請教多位生態專家，也查閱過許多資料，卻找不到答案。
