title,date,paragraph,source
【專家之眼】俄烏戰爭的可能後果：俄羅斯崩潰 - 聯合報,2022-02-27 13:00,"入侵 ，甚至提出荒謬至極的要求：要和談可以，但和談的內容只能是烏克蘭該如何投降， 還鼓勵烏克蘭軍隊奪權，放下武器。普亭這麼做，用意很清楚，那就是如果烏克蘭不想要戰爭，最好的辦法就是投降，換一個聽莫斯科話的總統。如此公然的侵犯一個國家的主權，點名烏克蘭總統下台，普亭如此的魯莽行為將付出慘重的代價，這代價甚至包括葬送俄羅斯的未來。 
 
2月24，英國首相強生宣佈對俄羅斯實施「有史以來規模最大和最嚴厲的」一攬子制裁措施，包括所有在英國的俄國銀行將被排除在金融體系之外、禁止俄國公司在英國融資，並繼續援助烏克蘭經濟和防禦性武器等等。強生還說：「我們將繼續執行一項無情的任務，把俄羅斯從全球經濟中一塊一塊地、一天一天地、一週一週地擠出去。」 
 
因為普亭的入侵烏克蘭，加上26日，到德國訪問的波蘭總理莫拉維茨基（Mateusz Morawiecki)公開批評德國「自私」，他對著媒體說，「我到柏林，就是要撼動蕭茲總理的良心，撼動德國的良心」，使得原本對制裁俄羅斯有所保留的德國政府的態度也發生了變化。同日，德國政府宣佈，烏克蘭武裝部隊將從德國得到1000枚反坦克武器和500枚毒刺地對空導彈。 
 
正因為德國的態度轉變，最終促成了整個西方國家，包括美、英、加、德、法、義大利等國家在26日晚間發表聯合聲明，決定把部份俄羅斯銀行排除在國際結算系統Swift之外，並嚴格限制俄羅斯中央銀行進入資本市場，這將使得俄羅斯的外匯儲備一夜之間無法使用（截至2022年1月16日，俄外匯儲備達到創紀錄的6382億美元），這些金融制裁手段將有效壓縮普亭的軍事行動空間。 
 
此外，普亭的魯莽行徑反而會讓烏克蘭人更加團結，更不容易讓澤倫斯基下台，要打下烏克蘭是更難了。普亭的做法只會加深烏克蘭人對俄羅斯的仇恨，即使，普亭以武力推翻了澤倫斯基，扶持親俄的總統上台，他的統治必然無法安穩，時時會有爆炸聲。 
 
最讓人意外的是，中國在這場烏俄戰爭中的角色。北京冬奧期間所發表的中俄聯合聲明似乎沒能在這場衝突中幫俄羅斯什麼忙。相反的，2月25日，聯合國安理會針對譴責俄羅斯入侵烏克蘭提案進行表決，要求俄羅斯即刻撤軍，作為俄羅斯的盟友，中國竟然棄權，要知道，在這樣的場合，棄權意味著譴責。 
 
最可疑的是，2月26日，5位著名的中國歷史學者竟然連署譴責俄羅斯入侵烏克蘭，這在中國相當不尋常，原因是中國學者的任何一個公開發言其實都是經過審查過的。這就是說，學者的發言是中共同意的，甚至可能是中共授權的。 
 
普亭的失算還在於，他的入侵烏克蘭，等於把原本世界衝突的焦點從中美貿易戰、新疆種族滅絕、香港人權問題，整個轉移到自己身上，因而促成了中美和解的可能，俄羅斯的壓力，不管是內政、經濟、金融，甚至是軍事，都更大了。在這場衝突中，中國無疑成了漁翁。這就是為什麼會有中國在聯合國安理會的棄權以及五位中國歷史學者的譴責倡議了。 
 
2月24日俄羅斯開戰，造成當天俄羅斯的股市出現「史詩級」的暴跌，下跌45%，是有史以來最大的單日跌幅，而盧布兌美元匯率則跌至歷史最低點。26日西方國家又宣佈對俄羅斯實施核彈級的金融制裁，可預見的，28日星期一俄羅斯的股市還要再重摔一次，如此一來，俄羅斯的經濟無疑是雪上加霜。如果普亭再一意孤行，不停止戰爭，遭到全世界孤立的俄羅斯很可能在內外壓力之下崩潰，這不是不可能。",udn.com
俄烏戰爭何時落幕？烏軍情首長曝「結束時刻」：俄政變進行中,2022-05-14 17:20,"
 
 國防部情報總局（GUR）局長布達諾夫少將（Major general Kyrylo Budanov）接受Sky News獨家專訪時聲稱，對俄戰爭進展順利，將在8月中迎來轉捩點，並且會在今年年底結束，同時聲稱推翻 總統 的政變已經在進行之中，又指他罹患癌症、病情嚴重。 
 
布達諾夫表示，「轉捩點將會在8月的下旬，大部分實際作戰行動將在今年年底結束。從而，我們將在我方已失去的所有領土恢復烏克蘭的權力，包括頓巴斯地區跟克里米亞」。 
 
在專訪中，布達諾夫聲稱俄羅斯在烏克蘭的失敗會導致普亭總統的垮台和國家解體。他說，失敗「最終將導致俄羅斯聯邦的領導階層更迭，這個程序已經啟動了，他們正步入那條路」。當主持人提問，這是否意味著一場政變正在進行時，布達諾夫答稱，「是，他們正以這種方式發展，而且不可能阻止」。 
 
布達諾夫宣稱，普亭患有癌症跟其他疾病，正處於「非常糟糕的心理與生理狀況，他病得很重」，也駁斥他正在散播宣傳素材作為一部分資訊戰的說法，也對自己的主張有信心，「這是我的工作，這是我的工作，如果不是我，誰會知道這些？」 
 
BBC與衛報表示，布達諾夫的說法尚未得到證實，澤倫斯基總統則在講話指出，沒有人可以預測他們國家所面臨的衝突會持續多久。",udn.com
我與素養的距離／俄烏戰爭緣由霧煞煞前世今生因果細分明,2022-03-17 08:09,"
新制的108課綱希望學生培養素養能力，而歷史的核心素養是什麼呢？有不少學者、老師認為是「思辨」的能力。透過了解歷史事件的來龍去脈，思考事件傳達的意涵，進而培養剖析、批判歷史的能力、建立面對歷史應有的態度。而這一陣子國際間最火熱的新聞非 莫屬，雖然是現在進行式，但其緣由與未來發展皆與歷史息息相關。 
2022年2月24日， 與白俄羅斯結成聯盟，以「非軍事化、去納粹化」為由入侵 ，成為第二次世界大戰以來歐洲最大規模的戰爭。其緣由包括烏克蘭的去俄羅斯化等民族問題以及北約東擴問題。你知道「北約」是什麼樣的組織嗎？烏克蘭又為什麼要去俄羅斯化呢？這些都與昔日的「冷戰」有著密切關係唷！現在就讓力宇教育的彤妤老師來告訴你「冷戰」是怎麼一回事吧！ 
 
 
 
更多解題秘訣、第一手考試資訊，都在【 】 
 
 
【Ai 學霸-小中高數位學習平台】國中社會總複習課程 
   
【Ai 學霸-小中高數位學習平台】免費試讀申請 
 
【Ai 學霸-小中高數位學習平台】更多升學資訊 
 
【力宇教育】 
 
",udn.com
全球觀察／俄烏戰爭凸顯西方雙標 - 聯合報,2022-04-19 02:19,"今年二月下旬入侵 ，美國為首的西方國家展現前所未有的團結，對俄國施加嚴厲制裁，廣開大門收容烏克蘭難民，並討論以戰爭罪起訴俄國總統普亭。但在許多非西方世界國家眼中，此事再度凸顯西方在世界舞台的雙重標準，他們指出，美國十九年前也曾捏造藉口入侵伊拉克，為何沒有被制裁？中東地區仍有多處衝突和人道災難，為何得不到像烏克蘭這樣的關切？ 
 
華盛頓郵報報導， 爆發後，西方國家紛紛制裁俄國，提供烏國金錢與軍事援助，德國總理蕭茲宣布要增加國防預算，一改二戰後的消極防衛政策，宣稱時代已來到分水嶺。 
 
巴勒斯坦外長馬爾基上月在土耳其的一場安全會議中表示，以巴衝突時巴勒斯坦常會要求國際制裁以色列，「過去七十年來我們被告知不可動用的（制裁）方法，在過去不到七天全用上了。真是驚人的偽善。」 
 
 
 
在伊拉克，許多民眾也感受深刻。二○○三年美國捏造證據誣指伊拉克海珊政府擁有核生化武器，和英國等盟邦一起入侵伊拉克。美聯社指出，當時許多伊拉克人拿起武器抵抗美軍，卻被貼上恐怖分子標籤；逃向歐洲的難民船被推回海上，卡在陸地邊境的難民不得其門而入。 
 
打過伊拉克戰爭的男子魯拜說：「當時全世界都站在美國那一邊，包括烏克蘭，我們仍抵抗占領者。就因為世界站在美國那一邊，我們沒有榮耀，他們不會說我們是愛國鬥士。這當然是雙重標準，好像我們是次等人類。」 
 
四十一歲的伊拉克貨車司機哈里德說，他不認為烏克蘭戰爭和伊拉克戰爭有什麼不同，「美國大老遠飛了幾千公里來打我們，而俄國是去打隔壁可能有威脅性的國家，我們的抵抗或許還比較有道理」。 
 
 
 
西方國家對烏克蘭和中東衝突態度也完全不同。敘利亞二○一一年爆發內戰，俄國以支援敘國總統阿塞德為由，二○一五年出兵敘利亞，包圍摧毀反抗勢力城市，造成平民死傷，國際社會雖強烈譴責，但缺乏具體行動。 
 
同樣陷入長期內戰的葉門，淪為沙烏地阿拉伯為首的聯軍和伊朗支持的胡塞組織角力場，一千三百萬人面臨饑荒，也缺乏國際關注，美國和英國還支持沙國，繼續在葉門與伊朗打代理戰爭，無視當地的人道災難。 
 
在社群媒體流傳的影片中，烏克蘭民眾自製汽油彈，拿起武器練習射擊，西方一片叫好，稱讚他們勇於對抗俄國強權，保衛國家。但巴勒斯坦人和伊拉克人做同樣的事，卻被稱為恐佈分子，是合法攻擊目標。 
 
美聯社報導，專家指出，俄烏戰爭和中東戰事性質並不相同，俄烏戰爭本質是聯合國成員入侵另一個成員，而中東戰事牽涉內戰與宗教。卡內基國際和平基金會資深研究員米勒指出：「大體而言，中東戰爭相當複雜，難以用道德評論。」不過，米勒承認，美國的政策「確實充滿各種偏差、前後不一、矛盾及偽善」。",udn.com
周行一／您該理解的俄烏戰爭緣由 - 聯合新聞網,2022-03-13 04:19,"二月廿一日，俄國正式承認 東南方與俄國接壤兩個分離主義者占據的頓內次克共和國及盧甘斯克共和國；廿四日俄國開始攻擊烏克蘭，迄今尚無法控制烏克蘭，民眾死傷成千上百，一百四十萬人以上逃離，烏克蘭正形成一個巨大人道災難。這個戰爭值得您了解緣由。 
 
這次俄烏大戰近因，和烏克蘭與 愈走愈近直接相關。北約成立目的是對抗蘇聯時期成立的華沙公約，蘇聯解體後，北約繼續存在，對抗對象變成俄國，因此若北約擴張，就會增強對俄國威脅。美國柯林頓總統是第一個提出讓北約開門引進新會員的領導人。一九九四年，北約宣布擴張，並接觸東邊原屬蘇聯的國家，如波蘭、捷克、匈牙利等，後來第一個加入的是德國，二○○五年愛沙尼亞、拉脫維亞、立陶宛也陸續加入，也許是因這些國家離俄國遠，俄國未激烈反對。 
 
但是 亞（位俄國南方）與烏克蘭（位俄國西方）大幅與俄國接壤，他們與北約眉來眼去，俄國感受就大不相同。二○○四年，親西方喬治亞共和國總統薩卡什維利玫瑰革命後上任，想重新控制原屬喬治亞，在北方與俄國相鄰兩個分離主義地區南奧塞梯及阿布哈茲，以及成為北約會員。 
 
二○○八年四月二日，在北約高峰會，美國總統布希大力推銷，要讓喬治亞開始加入北約申請流程，峰會決議北約歡迎烏克蘭與喬治亞想加入北約的願景。俄國總統普亭四月三日北約與俄國雙邊會談中表示，俄國反對北約在波蘭和捷克部署飛彈，且北約擴張被俄國視為國家安全直接威脅。四月十六日俄國迅速行動，正式承認及保護南奧塞梯及阿布哈茲。七月十五日，美國與喬治亞舉行年聯合軍事演習，也有烏克蘭部隊參與，八月，俄國即與喬治亞在外高加索打了「廿一世紀歐洲第一場戰爭」。經過強權間談判後停戰，喬治亞迄今未正式加入北約。 
 
俄烏戰爭幾乎是俄喬戰爭的翻版。俄喬戰後，普亭維持南奧塞梯及阿布哈茲獨立、避免喬治亞加入北約、俄國並未受到北約制裁。烏克蘭於一九九二年開始與北約有夥伴關係，九七年建立烏克蘭—北約委員會，二○○二年烏克蘭總統庫奇馬公開表示想成為北約會員國，○八年總統安德烈耶維奇訪問美國，布希高調支持烏克蘭加入北約。一○年，普亭支持的總統亞努科維奇停止進行加入北約行動；但是一四年，亞努科維奇被烏克蘭示威抗議民眾趕走，俄國立即兼併克里米亞半島。 
 
二○一七年，烏克蘭通過憲法修正案，決心進入北約。二一年，烏克蘭以加入北約為國家安全策略。九月烏克蘭與美國及北約舉行軍事演習，同期間俄國與白俄羅斯也舉行大規模軍演。在普亭要求北約於波蘭等國撤除對俄國造成威脅飛彈，及不將烏克蘭納入北約未果後，俄國於今年二月底開始侵入烏克蘭。 
 
您值得思考的事情是，俄國的戰爭目標是什麼？誰是俄烏戰爭的受益者？俄烏戰爭對美國以後打擊中國策略的影響？對中國的啟示？如果您閱讀我的新書：中美滙流大未來，應該能得到不少啟發。 
 
",udn.com
【專家之眼】俄烏戰爭下的全球三分新格局 - 聯合報,2022-04-13 08:14,"自俄烏戰事開打以來，美國及其盟邦團結一致制裁 ，不但供武 ，還增兵北約，力道不斷加強，以至於形成西方國家相對團結的氛圍，而美國則因受害較輕又隔岸觀火，頓時強化了其在盟國中的領導地位。 
 
相對的，自2017年川普總統上台後不久，美國開始對中國進行貿易戰，還頻頻對中國高官實施制裁，而中方也制裁了如美前國務卿等人。自拜登上台以來，這些狀況未見改善，甚至還變本加厲，以至於美中雙邊關係持續不睦。至於西方國家對於俄羅斯的制裁就更加強勁，比如在國際財經的SWIFT、聯合國人權委員會等國際組織，甚至一些體育賽事與文化活動等，俄羅斯均被除名。 
 
因而導致俄中關係必將進一步強化，比如將俄國的訊息傳遞系統 (SPFS) 和中國的人民幣跨境支付系統 (CIPS) 相連，以減輕俄羅斯退出SWIFT所造成的損失。再加上中國強勁的製造業與廣大市場，以及俄國的充裕能源，都是反制西方的有力武器。 
 
由此可見，由於俄烏戰事所引起的西方對俄制裁，使得世界三分的新格局儼然形成：以美國為首的西方國家加上日本等國可稱為第一世界，受到西方排擠的中俄兩大國為第二世界，是否加上印度等金磚國家，端視其能否頂住西方國家的壓力，其餘的亞非拉國家為第三世界，正是大國拉攏的對象。 
 
自三月下旬以來，中國外長王毅的外交活動頻繁。首先應邀在巴基斯坦首都伊斯蘭堡，出席伊斯蘭合作組織外長會議開幕式併致辭，共有60餘國外長和代表出席。隨後又訪問阿富汗、印度與尼泊爾等國，接著在安徽屯溪舉行第三次阿富汗鄰國外長會議，伊朗與巴基斯坦還有三個中亞國家參加，同時也會晤了與會的俄羅斯外長拉夫羅夫，再度強化了中俄關係。 
 
進而在3月底，當美國與東協（ASEAN）預定舉行領袖特別峰會告吹，主因一些會員國有意避免美方施壓，要在 中選邊，故王毅隨即邀訪了印尼、泰國、菲律賓與緬等四國外長。由此可見，中方在俄烏戰事進行之際，極力改善與拉攏第三世界國家。但在四月初的中歐高峰會方面，因雙方各持己見，共識甚少。 
 
雖然如此，美國還在月前發布「印太戰略報告」，此乃拜登政府首度，再加上隨後的美日印澳「四方安全對話」(Quad)外長會議，以及美日韓三國外長會談，會後都分別發表聯合聲明，而三者都以中國為主要對象，可見美中之間角力激烈的程度。 
 
與此格局相關的是，1974年2月，毛澤東首次公開提出「三個世界理論」：超級大國美國與蘇聯是第一世界，先進國家如日本、歐洲、澳洲與加拿大是第二世界，其餘是第三世界的。當時毛澤東認為，超級大國之間爭奪世界霸權地位，是世界局勢動盪不安的主要根源，而第三世界是反對帝國主義、殖民主義、霸權主義的主要力量。 
 
中國曾於1971年進入聯合國，內部文革也近尾聲，正準備進入世界舞台。因而聯合第三世界，拉攏第二世界與對抗第一世界，乃其戰略重點。這與當前世界三分的格局略有異同，其中尤以第一世界與第二世界的變化明顯，而能否分化第一世界，並聯合第三世界與之博弈，乃當前北京的重要策略。 
 
由於戰爭型態的多元化，能源與糧食的短缺，以至於全球產業鏈的重組，以及美元與人民幣地位的消長等因素，當前這正在悄然孕育的美歐、中俄與亞非拉等新的世界三分格局，其所可能造成的影響，還需要進一步觀察。",udn.com
俄烏戰爭怎麼收場？季辛吉揭「3種方式」可能結束戰火 - 聯合報,2022-07-02 20:35,"
 
美國前國務卿 （Henry Kissinger）在接受《旁觀者》（Spectator）記者採訪時說， 危機可能會以三種方式結束。 
 
季辛吉認為，第一種版本指的是「 控制大部分頓巴斯及其主要工業和農業地區」，以及控制「黑海附近的一片土地」，這將是俄羅斯的勝利。 
 
他推測說：「在這種情況下北約的作用將不會像此前認為的那麼有決定性。」 
 
季辛吉認為，第二種方案試圖從已被俄羅斯吞併的克里米亞「向俄羅斯施壓」。 
 
他認為，這種版本可能導致衝突升級。第三種版本規定恢復2月24日前的局勢。 
 
他說，未解決的問題可能將談判進行討論。大概局勢將凍結一段時間。 
 
 
 
 
文章授權轉載自 
",udn.com
俄烏戰爭接下來4周發展影響未來數十年歐洲版圖 - 聯合報,2022-04-23 14:20,"拜登政府高層官員說， 接下來四周如何發展，對於未來數十年歐洲版圖如何畫分將有深遠影響。國防部資深官員分析，表面上看來， 目前似乎處於優勢，因為俄軍已挺進更多遼闊地帶，不是只在城市戰中陷入膠著，但五角大廈評估，一旦 獲得適當武器裝備，保持高昂士氣，烏軍不僅能擋下俄軍步步進逼，甚至還有機會擊退俄軍。 
紐約時報報導，拜登政府官員說，俄烏戰爭雖然可能變得漫長，但眼前當務之急是為烏克蘭運送越多越好的新型武器，尤其是長程砲彈及反砲彈雷達，讓烏克蘭能在東部頓巴斯(Donbas)區域抵抗俄軍最新一波的攻擊。 
拜登總統21日宣布為烏克蘭增加8億元軍援，這是過去一周多之間美國第二次軍援烏克蘭。國防部長奧斯丁(Lloyd Austin)與參謀首長聯席會議主席密利(Mark Milley)本周則各自與盟邦軍方高層磋商，強調俄烏戰爭下個月將進入關鍵期。 
美國官員分析，俄軍若能繼續在烏東地區取得斬獲，俄羅斯總統普亭(Vladimir Putin)便可在國內大肆宣傳「特別軍事行動」(special military operation)成功，聲稱為烏克蘭境內的挺俄派少數民眾提供安全保障，普亭可能願意考慮停火，但也可能食髓知味，拿頓巴斯當做任何談判的籌碼。 
然而，如果烏克蘭軍隊在頓巴斯擋住俄軍繼續進犯，美國官員指出，普亭就將面臨險峻選擇：加碼為戰爭投入更多資源，讓戰爭拖延數年之久，或者坦誠接受和平談判。官員說，第一個選項代表著俄羅斯必須全國總動員，對普亭而言將有政治風險。 
前總統歐巴馬任內的主管俄羅斯及烏克蘭政策的國防部副助理部長艾芙琳‧法卡斯(Evelyn Farkas)分析，俄軍目前處於虛弱狀態，如果有充裕時間以及新的徵召士兵，就能恢復實力，「因此，現在就出手，利用我們提供給烏克蘭的所有武器重擊俄羅斯，是非常重要的」。 
前任美國陸軍駐歐指揮官哈吉斯(Frederick Hodges)表示，俄軍現在處於整裝及準備模式，此時非常適合出手重挫俄軍，「不要等到他們休息充足又再度站起來」。 
",udn.com
CIA局長：中國緊盯俄烏戰爭為侵台作準備 - 聯合報,2022-05-08 14:30,"
中央情報局長伯恩斯(Bill Burns)7日表示，中國正密切關注和研究 侵烏戰爭，以便為奪取台灣做好準備，但北京對俄軍表現之拙劣深感震驚和不安；至於 ，伯恩斯表示目前戰爭第二階段與第一階段比，對俄國一樣凶險，甚至更變幻莫測；俄羅斯總統普亭覺得自己輸不得，勢必加碼投入。 
 
 
 
伯恩斯指出，中國高層密切注意 戰爭發展，藉此了解若武力奪取台灣，要付出的代價及須承擔的後果；但他不認為中國國家主席習近平對台長期目標會因此改變。 
 
此外，俄軍表現之拙劣、烏國全民抵抗之堅定，都讓北京「驚訝」；尤其大西洋兩岸盟邦竟迅速團結起來，步調一致對俄祭出經濟制裁措施，懲罰侵略烏克蘭，北京更未料到；但伯恩斯表示，北京對此一切有何結論，猶未可知。 
伯恩斯指出，北京高層雖在仔細計算武統台灣得付出的經濟代價及一切後果，但他一點也不認為俄烏戰爭會影響習近平拿下台灣的決心，認為只是會衝擊到中國的評估，思考何時奪取台灣及該怎麼做。 
 
 
中國一直拒絕因侵略烏克蘭而譴責俄國，還批評西方制裁俄國；北京冬奧會舉行前，中方還宣稱中、俄盟誼「上不封頂」；但伯恩斯指出，普亭揮軍入侵烏國而致聲譽受損，「殘暴」形象讓北京深感不安；戰爭最近10周、11周發展下來，俄方的苦澀經驗，已顯示中、俄友誼封頂多多。 
伯恩斯另評估俄烏戰爭，指開戰前八周是第一階段，俄軍迭遇險境；轉攻烏國東、南兩地區是第二階段，險況不減反增；「俄軍攻勢之醜惡與殘暴讓人不可思議，普亭押寶在第二階段很多」，他認為普亭由第一階段的失利中學到教訓，已有所調整。 
 
 
伯恩斯警告說，普亭「已心知肚明，認為自己承受不起戰爭失敗」，深信自己目前必須加碼投入，取得進展，很多事態，包括戰爭的整體規模，莫斯科染指烏國領土的野心，是侷限在烏境東南，還是擴大到想吞併敖德薩、基輔及其他地區，都要看俄軍是否能在接下來數周展現攻勢而定。 
但烏克蘭軍在西方增加援助後，持續有效擋下俄軍；五角大廈發言人科比(John Kirby)日前表示，俄軍遭遇烏國頑強抵抗，頓巴斯攻勢「落後預期」，進展遲緩。 
伯恩斯指出，克里姆林宮雖然加碼在軍事行動，但迄今沒有跡象顯示俄方計畫部署甚至動用戰術核武，只是俄方過去一直在磨刀霍霍，美方對俄國鋌而走險不會掉以輕心。 
",udn.com
俄烏戰爭不僅造成物價飛漲正釀成一場社會動盪 - 聯合報,2022-04-21 23:31,"當俄羅斯入侵 時，沒人知道接下來的衝突會持續多久，也不曉得對歐洲或世界其他地區產生的衝擊有多大。然而隨著戰爭接近第三個月，這場軍事衝突造成的經濟影響日益顯著，前景看起來不太妙。 
 
在全球面臨食品和能源價格上漲以及新冠疫情後供應鏈中斷所造成的通膨飆升之際， 正在加劇供需之間緊張、傷害消費者信心，並且威脅到全球經濟成長。 
 
金融市場賣壓沉重 
 
全球金融市場正在持續關注這場戰爭，因為它進入了在烏東展開激戰的第二階段。分析家表示，「頓巴斯之戰」可能決定這場戰爭的結果。 
 
投資人對通膨猖獗及其抑制全球經濟成長的效應惴惴不安。國際貨幣基金（IMF）預測，美國今年通膨率將達7.7%、歐元區將為5.3%。對物價上漲的顧慮促使投資人拋售債券，因而推升殖利率，基準的10年期美公國債殖利率在19日觸及 2.94%，為 2018 年底以來最高。 IMF並表示，投資人預期各國央行將推出更激進的升息措施以控制物價上漲，可能觸發更多市場賣壓 
 
全球成長受創 
 
無論未來幾天或幾周的戰況如何，這場衝突產生的衝擊波將繼續在全球各地迴盪，世界銀行和IMF都下修了全球成長預測。IMF在19日下調了對2022年和2023年的全球成長預測，表示俄羅斯入侵烏克蘭對經濟的影響「既深遠且廣泛，不僅增添物價壓力，並加劇了重大政策的挑戰」。世界銀行也以俄國入侵烏國為全球經濟帶來壓力為由，將2022年的全球成長預測由原先預估的4.1%下調了近1個百分點至3.2%。 
 
這兩家國際機構均表示，調降預測是因為預期供應衝擊將加劇、大宗商品價格將劇烈上漲。俄羅斯和烏克蘭是許多大宗商品的主要供應國。IMF說：「俄羅斯是石油、天然氣和金屬的主要供應國，而且與烏克蘭同是小麥和玉米的主要供應國。 這些商品的供應減少導致價格急劇上漲。」 
 
高盛首席歐洲經濟學家Jari Stehn20日對財經新聞網站CNBC說，烏克蘭戰爭的影響已使歐洲經濟踩下煞車。他並表示：「這裡的總體情況是，歐元區經濟正在迅速放緩，因為通膨高出許多，開始影響所得和消費，而且……能源價格正在給生產者帶來壓力。最重要的是，你還有一大堆供應鏈問題……烏克蘭戰爭使這些問題更加惡化。」 
 
食品價格飆漲恐導致窮國社會動盪 
 
麥肯錫主管化學與農業部門的負責人阿米內紮和合夥人丹尼斯表示，隨著戰爭加上其他破壞（供應鏈緊張、通膨和疫情），現在對「全球食品供應構成迫在眉睫的威脅」。烏克蘭-俄羅斯地區是少數幾座全球大「糧倉」之一，不僅是小麥等主食的出口大國，也是肥料的主要供應國，對全世界糧食供應至關重要。 
 
丹尼斯指出：「有六座糧倉共同供應了全球大約60%到70%的農產品。烏克蘭-俄羅斯地區約佔全球小麥出口量的 30%、向日葵出口量的65%，在這些市場日益緊張和相互關聯的背景下，只要出現輕微的供應的中斷，肯定會對價格產生影響。」 
 
IMF表示，食品價格上漲可能會產生另一個令人擔憂的影響。該組織警告說：「食品和燃料價格上漲也可能顯著增加較貧窮國家社會動盪的可能性。」 
 
IMF說：「在俄國入侵烏國之後，新興市場和開發中國家的金融條件立即緊縮。到目前為止，這種重新定價大致上仍是井然有序。然而，一些金融脆弱性風險依然存在，升高了全球金融條件大幅緊縮以及資本外流的可能性。」 
 
當然，對全球經濟影響的深度取決於戰爭持續多長時間，以及它造成的毀滅及破壞程度。但令人憂心忡忡的是，儘管國際對俄國的重要經濟部門（從石油、天然氣到金融體系）實施一系列的制裁，但沒有跡象顯示俄羅斯在短期內願意讓步。",udn.com
俄烏戰何時了？地緣專家：恐會走到這一步 - 聯合報,2022-04-14 17:47,"入侵 已進入第七周，戰爭仍看不見盡頭，俄羅斯總統普亭日前甚至表示俄烏「和平談判已走入死巷」。究竟要如何才能讓戰爭落幕？ 
 
美國地緣政治分析評論網Geopolitical Futures創辦人弗列德曼（George Friedman）表示，普亭如今已騎虎難下，戰爭會一直打下去，直到他被迫下台為止。 
 
 
 
弗列德曼在財經網站MarketWatch發表評論指出，欲知戰爭何時休，必須先了解為何開戰。他指出，俄羅斯入侵烏克蘭是基於兩大理由： 
 
 
 
2.  ：從蘇聯過渡到俄羅斯聯邦後，總財富也許增加了，但國內生產毛額（GDP）排名還落後南韓，稱不上是「超級強國」，人均GDP更排在第85名，落在保加利亞與馬來西亞之間。若剝除大城市菁英外顯的富有表象，俄羅斯其實不如乍看下那麼富有。 
 
 
 
弗列德曼指出，幅員遼闊導致運輸交通等方面艱難，使治理俄羅斯至為艱鉅，往往需「強人」鐵腕統治。從沙皇時代以降，俄羅斯向來是靠國家權力來維繫，而不是靠經濟共榮，而安全特務常被賦予維護國家權力的任務。現任總統普亭出身自情報機構KGB，也就不難理解。 
 
所以，即使人民貧窮，國家強就還好。俄羅斯統治者因此必須展現鋼鐵般的強勢。俄羅斯知識分子談民主、人權；一般民眾要的是國家提供安內攘外的保護。普亭明白，若不施鐵腕，無法治理俄羅斯，他也從KGB學到必須展現兩種力量：既能讓外國顫慄，也能制伏國內政敵。 
 
 
 
多年來，普亭設法一磚一瓦地重建俄羅斯昔日光榮，而烏克蘭正是他所需最大的一塊磚，非取得不可。戰略和權力考量促使他付諸行動，揮軍入侵烏克蘭。 
 
問題是，今日的俄軍看來組織散漫，管理不善，不論從兵力部署、後勤整備、戰場指揮等方面觀之，表現都很差勁。俄國士兵最怕的似乎是俄國領導人，而不是怕敗在敵軍手下。普亭要求速戰速決，不料俄軍效力差又遭遇頑強抵抗，在烏克蘭與散落四處、熟悉地形、誓死衛國的輕裝步兵作戰，讓俄軍頻頻吃癟。 
 
然而，弗列德曼認為，普亭無法喊停戰爭，也無法與烏克蘭敲定他能信守的和平協議。除非烏軍投降，否則任何停火協議，都將暴露出俄羅斯是個弱國，統治者也軟弱。若是簽署停火協議，普亭就完了——既無力打敗烏克蘭，還遭其他人鄙視，將一夕摧毀他的權力神話。戰爭無止盡打下去也不是辦法，因為沒戰勝就形同挫敗。簽停火協議，則可能中了敵軍以拖待變、爭取時間壯大軍力之計。 
 
這意味普亭的作戰計畫已遭擊碎。烏軍有效反擊，俄軍需要休養生息普亭卻不喊停。 
 
 
 
這一切將如何收場？弗列德曼說，按現況推測，普亭將持續把持權力，把侵烏不力歸咎於身邊每個人。然而，戰爭持續愈久，普亭就顯得愈弱勢。他只能祈禱烏克蘭無力反抗、北約不團結、美國經濟戰不給力。普亭愈來愈走投無路，他一度提到核武就是個徵兆。但他與其身邊的人都明白，核武戰爭下場必是玉石俱焚。以核武報復是一回事，挑起核戰是另一回事。 
 
但若普亭放棄強硬立場，就形同示弱妥協，甚至敗了。禿鷹將在四周盤旋，伺機而動。所以，弗列德曼預料，普亭這場侵烏戰爭將持續打下去，直到他被迫下台，繼任者把這場災難全部歸咎於普亭，俄羅斯才有止戰台階可下。 
 
弗列德曼說，這也許不是唯一結局。烏克蘭可能崩垮，俄羅斯可能崩垮，俄軍可能研擬出一套克敵制勝的戰略，也可能達成獲各方尊重的停火協議。這些發展都有可能，只是目前絲毫看不出趨勢是朝其中任一個方向邁進。他認為，這場地緣政治危機，最終可能需要政治手段來解決。",udn.com
俄烏戰爭對兩岸效應學者：台灣可能成為「犧牲打」 - 聯合報,2022-07-08 19:18,"台灣大學人文社會高等研究院第七場高峰論壇「後全球化視野下的 」，邀集國際關係與區域研究學者析解俄烏戰爭、全球及兩岸局勢，學者張登及示警，在後全球化時代來臨之際，若把地緣政治邏輯擺在俄烏跟兩岸來看，可能會發生誤擊的雙殺打場景，台灣在其中或將是「犧牲打」的角色。 
 
這場論壇於8日在台大社科院舉行，關於俄烏戰爭，政大民族所教授趙竹成強調，由於俄國資訊被封殺，外界關注俄烏戰爭很常忽略 政府早前對境內操俄語烏克蘭民眾的禁絕俄語政策，這是 為何要「解放頓巴斯」的重要原因，烏克蘭近年已經通過諸多立法，剝奪在烏克蘭使用俄羅斯語的烏克蘭人的所有權利。 
 
至於戰爭對美國領導地位的影響，中華民國國際關係學會會長盧業中則指出，俄烏戰爭使得美國在北約領導地位得到鞏固，但自由國際秩序仍有侷限性，尤其1980年代雷根時期，只要各國不是跟蘇聯在一起，不管政治體制為何都可合作；但拜登現在是用政治體制作為劃界標準，要求必須是民主國家才合作，且目前美國民意願意負擔高油價跟通膨比率也已下降。 
 
台大人文社會高等研究院副院長張登及從地緣政治跟新冷戰格局出發，指出這是一個「新持久戰」，除了美國、俄國之外，另一個重要行為者（中國大陸）也沒有閒著。中國大陸最近還推出美國才是種族滅絕創始者，很多事情也在後面反擊，好像俄羅斯在前方，它在後方提出不管是意識形態或者是物質上的各種支持。同時台海也是非常緊張的區域，張登及強調，其實東亞邊緣地帶跟歐洲邊緣地帶是相互連動的。 
 
從「後全球化」角度來看，地緣政治跟全球化剛好是反面，「對全球化越樂觀的越認為地緣政治是保守的、已經被埋葬的幽靈；越認為全球化不能用線性角度樂觀以待的，就認為地緣政治會回歸」。而地緣政治的回歸，在「大棋盤」上最激烈的就是「美俄中戰略競鬥」。擺在東亞區域，張登及特別提到「舊金山和會未完成」，他認為，「金山和會秩序」自1952年起就沒有完全凍結，留下很多私心的缺口，以至於「權力平衡鞏固時候不會地震，一旦權力移轉發生時就可能會爆炸」，這其中與日本地位變化與二戰角色有很大關係。 
 
張登及強調，俄烏戰爭是後全球化時代地緣政治重新浮現的一部分，若把這些邏輯拿來思考兩岸關係，可能出現兩種情況，第一種是後方高築牆、廣積糧、前方代理人消耗戰，比如烏克蘭誤擊犧牲打，造成俄羅斯衰微，或者台灣誤擊犧牲打，造成北京復興逆轉失敗，結局當然是權力移轉停止，美國順利護持單極。第二種情況則是印太出現缺口，形成多極的「漂流世界」。對於斷層線上國家，張登及認為，如果是地緣決定論那就沒選擇；如果妥善管理意圖、維持戰略耐心，也許可以影響衝突規模跟時間。 
 
而主持人中研院院士吳玉山則感嘆，30年前蘇聯瓦解美國成為獨霸、全球化潮流沛然莫之能禦，但現在美國已經不是獨霸，而且非常感到自己受威脅，經濟上西方國家對全球化做了多大約束跟倒退，完全看起來是冷戰思維而非全球化思維，另外還有新冠疫苗使用上壁壘分明，以及德國開始將核能看成是綠能等等，「我不知道自己是何其有幸還是何其不幸，居然經歷了兩個大變動」。他強調，現在的世界跟過去30年會大大不同，俄烏戰爭是敘說這個轉捩點非常鮮明的事件。",udn.com
俄烏戰爭終於要結束？談判專家驚爆：美國準備閃人了！ - 政治,,,chinatimes.com
俄烏戰爭再打下去他大膽預言：這國是最後贏家,,,chinatimes.com
俄烏戰爭打不完沈富雄獻計一招：「保證俄國一周撤軍」 - 政治,,,chinatimes.com
俄烏戰爭快結束？郭正亮：因歐盟講出這「混蛋話」 - 政治,,,chinatimes.com
俄烏戰爭真相成謎？「這數據」驚呆媒體人網秒吐3字 - 中國時報,,,chinatimes.com
烏俄戰爭邁入22天英國國防部曝最新戰況- 國際 - 中國時報,,,chinatimes.com
俄烏戰爭何時結束？他爆驚人預測：結局已定- 政治,,,chinatimes.com
烏俄戰爭越打越安靜國際法專家驚呼：很詭異,,,chinatimes.com
烏俄戰爭何時停戰她曝烏克蘭盤算：時間不會太久,,,chinatimes.com
前國防部長說話了！驚爆俄烏戰爭恐怖結局：這國已殺紅眼,,,chinatimes.com
誰是俄烏戰爭中最大的贏家？他直言：當然是這國,,,chinatimes.com
俄烏戰爭再打下去軍事專家：「這國」恐30年翻不了身,,,chinatimes.com
烏俄戰爭滿百日俄從「全面入侵」變「只拿烏東」 - Tvbs新聞, 最後更新時間：2022/06/03 23:38								,"
 100天前，2月24日，烏克蘭人從恐怖爆炸聲中驚醒，戰爭真的開打了。 回顧過去這一百天，俄軍開戰時大舉從北、東、南三面進攻，短短一星期，就在南部拿下第一座大城赫爾松。 3月9日，馬里烏波爾婦幼醫院慘遭轟炸，全世界首度看見了俄軍濫殺平民的暴行。 接下來俄軍攻勢一波接一波，還一度展開首都圍城，差一點攻進基輔，但烏軍游擊戰反攻，逼得俄羅斯3月底，不得不宣布從北部戰線撤退。 同時，布查小鎮屠殺慘狀，也在這時候曝光，全球接力譴責種族滅絕，但俄軍沒有停手。 4月8日，克拉馬托爾斯克車站空襲，57位平民死亡，俄羅斯幾天後宣布，戰爭進入第二階段，全力攻打烏東。 頓巴斯大戰膠著一個多月，死守亞速鋼鐵廠的烏克蘭士兵，撐到5月中才投降，馬里烏波爾正式淪陷。如果從俄軍佔領土地的變化，來看看過去一百天，第一階段戰事長達1個月，俄軍北、東、南都有擴張，不過第二階段，北面俄軍撤走了，火力集中東部南部戰線，拿下馬里烏波爾後，俄軍成功地連接兩條前線，南部只剩下奧德薩還沒失守。 烏克蘭總統澤倫斯基：「目前我們有將近20%領土，落入佔領者的手中，接近12.5萬平方公里，這大小超過了比荷盧聯盟，三個國家所有土地加起來。」 不只領土主權被侵犯，100天狂轟猛炸和殘忍暴力，也在烏克蘭人的心裡，留下瘡疤。 基輔近郊村莊居民：「有時候我會做惡夢，晚上睡不著覺，我祈禱他們(俄軍)永遠不會回來。」 馬里烏波爾難民：「我的家人還在馬里烏波爾，過去三個月我完全連絡不上，我希望可以帶著爸爸和姊妹，來烏克蘭控制區。」 而最可憐的，恐怕是天真的孩子。 馬里烏波爾難民兒童Nini：「我希望雙方能建立友誼，烏克蘭就像我的第二個家庭，我想要和平平靜生活，希望可以回家。」 掛著笑容的小朋友，全部都是從馬里烏波爾逃到札波羅熱，難得參加團康活動，紓解壓力。 馬里烏波爾難民家長：「我們很享受這場派對的每分每秒氣氛很棒。」 不過他們算是比較幸運的一群，6月1日國際兒童節剛過，澤倫斯基公布了殘酷數字。 烏克蘭總統澤倫斯基：「446位孩子受傷，243小朋友死亡，139人失蹤。」 澤倫斯基還說，戰爭開打以來，有超過20萬名孩童，被迫送往俄羅斯。俄軍聲稱，他們只是提供這些人安全的避難所，但在烏克蘭眼裡，根本就是種族清洗。 CNN資深國際特派Matthew Chance：「好幾十萬名烏克蘭孩童，被強迫帶離家園送到俄羅斯，希望他們忘記自己烏克蘭人的身分。」 烏克蘭公布的數字，很有可能嚴重低估，因為俄軍控制區域有多少死傷，多少人被迫遷移，烏克蘭根本沒有辦法掌握。戰爭打滿一百天，烏克蘭孩子的命運，恐怕還是滿滿未知數。",news.tvbs.com
烏俄戰爭關鍵期！ 國際軍援將決定長期走向 - Tvbs新聞, 最後更新時間：2022/06/15 22:51								,"
 兩架俄國蘇愷-25攻擊機起飛出動，飛越大片烏克蘭的田野，朝目標發射飛彈。俄國國防部除了公布戰鬥機的「英姿」，也釋出駕駛艙內，飛行員第一視角的戰鬥畫面，大力宣傳。另外還搭配了發射伊斯坎德飛彈的畫面。 俄國大秀在烏克蘭境內伸展的肌肉，宣稱摧毀了烏克蘭軍隊的軍火庫，就是要努力展現，俄軍在烏克蘭戰場上，順利取得戰果。不過美國的情報官員表示，俄烏戰爭現在來到關鍵時刻，這個階段的發展，將會決定這場戰爭的長期走向跟結果。 CNN記者Barbara Starr：「目前有很多種可能發展，普欽可以決定宣布戰勝回家，但這不太可能，戰線可能會凝滯成，僵持於現在地點的狀態，造成更多毀滅還有長期衝擊，對全球經濟的戰略衝擊，透過糧食燃油價格飆漲表現出來，這正是盟國所擔心的。」 只是影響戰局的關鍵，不是在烏東戰場上，而是在布魯塞爾的北約總部。美國國防部長奧斯汀跟參謀總長密利，要跟超過50個國家的防長開會，討論提供烏克蘭更多支援。 CNN記者Barbara Starr：「盟國能否承諾從他們的軍火庫，拿出更多武器更多支援，可以是蘇聯時期的存貨，也可以是承諾運送新的武器過去。」 另外在俄國境內，普欽的頭號敵手，反對派領袖納瓦尼，現在卻傳出下落不明。 納瓦尼盟友Maria Pevchikh：「今天的情況就是律師去監獄看納瓦尼，在檢查站等了好幾個小時，納瓦尼就是沒有出現，我們目前就只知道這樣。」 俄國官媒報導，納瓦尼被移監到安全監管層級更高的監獄去，但反對派表示，並不相信官媒的報導，俄國政府如果還遵守法律，應該要通知律師跟家人，納瓦尼移監到哪裡去。 納瓦尼遭到毒害康復後，2021年冒險回國遭到逮捕，曾引發俄國境內大規模反政府示威。侵略烏克蘭的戰爭，進度緩慢停滯，普欽在國內也加大打壓力道，緊握政權，不給反對派任何機會。另外，有""俄國達沃斯""之稱的聖彼得堡國際經濟論壇，週三即將展開，不過今年國際的政治經濟大頭們，都不會出席。俄國當局改邀請各個親俄的政權勢力參加。 俄國民眾：「我個人認為來參加的賓客，講好聽點在經濟上就很有問題了，很難說塔利班是進步的人民，讓我們分享經濟經驗什麼的。」 但也有俄國民眾力挺普欽政府，不怕國際制裁，俄國自己就很厲害的論點。 俄國民眾：「他們(世界各國領袖)跟這裡沒關係，如果不想來就不應該來。」 俄國民眾：「還是有些領袖有來，讓我們鞏固跟那些人的友誼，那些沒來的人會後悔的。」 還有親俄的摩爾多瓦遊客，說西方國家制裁俄國，只會自食惡果。 摩爾多瓦遊客：「能源危機最終會打擊他們(西方國家)，他們會回過頭來道歉，讓他們的公民能夠快樂生活，這些政治措施也讓歐洲人都在受苦。」 烏克蘭政府則再度拍攝影片，譴責一些國際大企業，還在讓俄國賺錢。 彈藥箱上直接寫上德國「麥德龍」企業名稱，更以黑白畫面點名德國拜耳、法國達能、歐尚集團以及雀巢、寶僑、聯合利華跟嬌生等國際大廠，還沒終止在俄國的營運，等於持續資助俄國侵略烏克蘭的行動。",news.tvbs.com
烏俄戰爭開打滿2月！ CNN回顧「空襲警報大作瞬間」烏民急逃, 最後更新時間：2022/04/24 20:41								,"
 烏克蘭首都基輔響起空襲警報，氣氛瞬間緊張全面戒備，這是兩個月前2/24烏俄開戰首日的畫面。 CNN主播：「當時俄羅斯總統還說，如果烏軍不放下武器，恐怕就會血流成河。」 烏俄戰爭開打已經兩個月，CNN展開回顧，從俄軍跨境轟炸開始講起。 CNN主播：「時序進入三月，俄國大軍車隊現身，長達40英里(64公里)，坦克車等等軍事設備，劍指基輔而來。」 到了3月16日俄軍攻擊馬里烏波爾劇院，炸死至少300位烏克蘭平民，但CNN主播說明明空拍就有用俄文寫下「孩子」。 倖存者：「當劇院爆炸時，我的妹妹站在窗戶旁邊，但窗戶也爆開，我妹妹就倒下了。」 砲聲隆隆，坦克車射擊，烏克蘭跟俄羅斯雙方不斷交火，互相攻擊。 4月中俄軍莫斯科號被擊沉，這也是俄國40年來，戰爭損失最慘重的一次，但俄軍對此不承認。 如今開戰滿兩個月，烏克蘭方面說俄軍已有超過2萬人死亡，摧毀對方2205輛裝甲車177架軍機，300多架直升機跟無人機，而另一頭，俄羅斯國防部沒公布烏軍死亡人數，但自軍事行動以來，已經有近2500輛烏克蘭坦克裝甲車被攻擊，他們還擊落500多架烏軍無人機。 數據似乎能看出俄軍戰力強，但對民眾來說能不能不要再有更多「兩個月」，或許才是重點。",news.tvbs.com
烏俄戰爭推升物價全球新增7千萬人陷極度貧困, 最後更新時間：2022/07/08 14:13								,"
   報告中指出，過去3個月以來，發展中國家的貧窮人數上升速度遠比新冠肺炎期間還要快，目前全球有9%人口處於極貧困境，可能會加劇社會動盪，位於撒哈拉以南的非洲地區、巴爾幹半島和亞洲的世上最貧窮國家正在承受苦果。聯合國開發計劃署正準備針對貧窮國家發放現金救助，同時呼籲G20在新冠疫情期間協助窮國的「暫停債務償還倡議」 再延長兩年。  ",news.tvbs.com
俄羅斯入侵烏克蘭！俄烏戰爭/俄烏衝突即時新聞報導不斷更新,,,setn.com
專家：俄烏戰爭長期將成低強度衝突或「朝鮮半島化」 - 三立新聞,,,setn.com
俄烏重點一次看／烏東燃料庫爆炸、俄羅斯宣布減供天然氣,,,setn.com
澤倫斯基撤換5位駐外大使烏克蘭外委會感謝台灣支持（不斷 ...,"
    2022/07/10 23:38",首次上稿：09:09 更新時間：23:38 〔即時新聞／綜合報導〕俄羅斯總統普廷無視全球譴責和多國制裁，2月24日逕行宣布對烏克蘭採取特殊軍事作戰，開啟戰爭。本報根據路透、法新社、彭博、CNN、BBC等外電，整理了截至台灣時間7月10日最新情勢發展，讓讀者快速掌握俄烏衝突最新進展。 ＊烏克蘭軍聞網站《MIL.IN.UA》報導稱，札波羅熱地區國土防衛旅發布一張迫擊砲砲彈照片，並指這枚砲彈是來自台灣的60公厘迫擊砲彈，不過，國防部今（10）日傍晚澄清，網傳照片彈藥批號與國軍編碼方式不同，相關內容並非事實。 ＊「烏克蘭武器追蹤站」在推特PO出一段影片，可以看到影片中是輛卡車，車斗上有一門2B9 Vasilek 82mm迫砲，有2位士兵正在操作武器，該帳號在推文中表示「烏克蘭軍隊在民用車上以自動模式使用2B9 Vasilek 82mm迫砲的鏡頭。」 ＊〔即時新聞／綜合報導〕根據東歐網媒《NEXTA》指出，頓涅茨克地區，沙赫喬爾斯克（Shakhtarsk）區域的俄國彈藥庫發生爆炸。 ＊英國國防部9日發布戰情分析，指俄羅斯正從全國各地調動預備役部隊，將部隊集結在烏克蘭週邊，以便未來的進攻。不過俄軍組建的許多預備役部隊都是臨時組織，使用的裝備也大多陳舊，不適用於現代戰場。 ＊烏克蘭總統府9日發布消息表示，烏克蘭總統澤倫斯基撤換5位駐外大使，包括駐德國、印度、捷克、挪威及匈牙利大使。其中46歲的駐德大使梅爾尼克向來個人風格強烈，時常在社群媒體針砭德國政治人物，將反對武裝烏克蘭的政治人物與知識份子貼上「綏靖主義者」標籤。 ＊我國駐美代表蕭美琴、外交部政務次長曾厚仁及民進黨立委邱志偉、林靜儀受邀前往立陶宛，出席美國立陶宛建交百年研討會。林靜儀分享，親自出席的烏克蘭國會外委會主席梅列日科，除了感謝台灣的支持之外，更明確表示「烏克蘭應該要跟台灣建立實質的關係了」。 ＊美國9日宣布，將提供烏克蘭價值4億美元軍備，其中包含4具高機動性多管火箭系統「海馬斯」（HIMARS），以援助烏軍在烏東頓巴斯地區對抗俄軍。 ＊俄國北方機械製造廠官網發佈消息稱，8日在俄羅斯最大的造船企業北方機械製造廠舉行了「別爾哥羅德號」（Belgorod，K-329）特種潛艦接裝的隆重儀式，搭載「海神」武裝（Poseidon，又譯「波賽頓」）的該艦艇已入列俄羅斯海軍，正式服役。 ＊今年3月一位莫斯科區議員因批評俄羅斯入侵烏克蘭，在8日被刑入獄7年。一名律師表示，這是俄羅斯通過刑法第207.3條以來，第一起以因傳播假消息的名義遭到判刑的案件。,ltn.com
一圖了解烏俄戰況！ 烏軍將切斷俄邊境補給亞速營激戰札波羅熱,"
    2022/05/09 16:17",〔即時新聞／綜合報導〕俄羅斯侵略烏克蘭，烏軍奮勇作戰，逐漸收復先前被俄軍佔領的國土，有消息指出，烏軍對俄國境內與俄軍補給線的打擊，讓俄軍對烏克蘭侵略的攻勢變得遲緩。 專門製作烏俄戰爭地圖的推特用戶Ukraine War Map今日po出1張圖片，頓巴斯地區的烏軍從波帕斯納（Popasna）撤出，因為該地方被俄軍轟炸而失去戰略價值，此外俄軍想從盧比日內（Rubizhne）渡河襲擊，但被烏軍擊退，札波羅熱（Zaporozhye）地區雙方激烈交火，亞速營基輔支隊在里艾伯列（Hulyaipole）多次擊退俄軍攻勢與襲擊俄軍據點。 烏軍在哈爾科夫的進展順利，開始陸續收復一些村莊，會將攻勢轉往俄國邊界，切斷來自別爾哥羅德的俄軍補給，烏軍對俄國的境內攻擊仍然有效，使得俄軍前線推進速度緩慢。 英國國防部今日也在官方推特表示，俄軍戰爭初期宣稱會像外科手術一樣精準和快速侵略烏克蘭，烏克蘭的其他城市不必擔心被牽連，但隨著時間推進，俄軍損失與彈藥庫存已經嚴重損耗，這使俄軍開始使用庫存的老化彈藥，但這些武器不精準且很容易被攔截，證明了俄軍在戰爭中沒有精準攻擊能力，無差別的轟炸使得許多無辜烏國人民死傷，也暴露了俄羅斯根本不在乎烏克蘭民眾的死活。    ,ltn.com
烏俄戰爭如何演變？ BBC提出5種可能性 - 自由時報,"
    2022/06/06 16:07",〔編譯孫宇青／綜合報導〕俄羅斯對烏克蘭的軍事行動持續逾百日，結束的時間和方式受到全球民眾關切。《英國廣播公司》（BBC）5日對5種潛在結局做出分析，並強調這5種可能性都在合理預估範圍內。 一、消耗戰 即使戰火不會延燒數年，也可能持續數月，烏俄兩軍互相消耗對方實力，雙方互有得失，優劣勢態也來回變化，都不願放棄。俄國總統普廷可能表現出「戰略耐心」，賭西方國家先患上「烏克蘭疲勞症」，從而減輕援烏力道。然而，西方已協助烏國建立半永久性的前線，戰爭可能逐漸成為凍結的衝突，一場「永遠的戰爭」。 澳洲退將萊恩（Mick Ryan）認為，「在短期內，任何一方取得壓倒性作戰或戰略勝利的機會都不大，雙方都沒有表現出在戰略方面的決定性打擊的能力」。 二、普廷宣佈停火 普廷可能將已佔領的土地收入囊中，聲稱「特殊軍事行動」已完成，俄國取得「勝利」。俄國支持的頓巴斯分離主義者受到保護，通往克里米亞的陸地走廊也已建立，接著就能站在「道德高處」，向基輔當局施壓停止戰鬥。 英國智庫「皇家國際事務研究所」（Chatham House）俄羅斯事務專家賈爾斯（Keir Giles）認為，俄國隨時都能採取一種伎倆，利用歐洲對烏克蘭施壓，使烏方投降並放棄領土以換取名義上的和平。 事實上，巴黎、柏林和羅馬已出現類似論調，認為沒有必要延長戰爭，是時候停火，以結束全球經濟痛苦。但這種論點將遭到美、英和東歐大部分國家反對。因此，俄國片面停火可能會改變戰爭敘事方式，但不會結束戰鬥。 三、戰場上的僵局 烏俄雙方都自認無法在軍事上取得更多成果，也無法為政治解決進行談判，兩軍皆筋疲力盡，缺少人員和軍火就可能出現戰場上的僵局。 值得注意的是，這種僵局在數月內不太可能發生。且任何政治解決方案都將十分困難，尤其烏對俄缺乏信任，和平協議可能也不會持久，隨後可能會有更多的戰鬥。 四、烏克蘭的「勝利」 西方的制裁成功打擊俄國戰爭機器，烏軍利用新的長程火箭進行反擊，從防禦轉變為進攻，奪回被俄佔領的土地。正因這種情況合理，各國決策者才會擔心後果。一旦普廷面臨失敗，就可能升級戰事，動用化學武器或核武器。 歷史學家佛格森（Niall Ferguson）在倫敦國王學院研討會上坦言，「在我看來，當普廷擁有核選項時，似乎就不太可能接受傳統軍事作戰失敗。」 五、俄羅斯的「勝利」 儘管戰爭初期受挫，但俄國仍未放棄奪取基輔並征服大部分烏國領土。俄國可利用在頓巴斯的成果，騰出力量用於其他地方，甚至可能再次瞄凖基輔。俄國光是軍隊人數規模就讓人難以承受，烏軍將繼續飽受痛苦。 烏國人民可能出現想繼續戰鬥和想提出和平訴求的兩派聲音，部分西方國家可能會厭倦對烏國的支持。不過，若俄軍佔上風，其他國家也可能想要升級對烏支援。,ltn.com
俄烏戰爭長期化美知名學者：中國短期內不敢對台出兵 - 自由時報,"
    2022/06/22 15:31",〔即時新聞／綜合報導〕俄羅斯入侵烏克蘭，引發國際局勢緊張，外界擔憂中國是否也會趁機在台海挑釁，不過美國知名國際關係學者、前哈佛大學甘迺迪政府學院院長喬瑟夫．奈伊（Joseph Nye）認為，烏克蘭戰爭的長期化，反而使中國在未來幾年內對台出兵的可能性降低。 據 ，知名國際關係學者奈伊20日在一場線上討論會中指出，烏克蘭戰爭的爆發是一次「經典的誤判」，普廷原以為俄軍迅速攻占基輔，推翻澤倫斯基政權後，在烏克蘭扶植一個親俄政府，讓頓巴斯地區兩個宣佈獨立的共和國加入俄聯邦，不料戰局不如預期，發展到今天，烏俄戰爭很有可能會長期化下去。 由於俄羅斯入侵烏克蘭遭到國際制裁，俄羅斯被迫仰賴中國，中俄在亞太地區成為「威權軸心」（axis of authoritarians），即兩國關係更為密切，不過奈伊認為，中國維持與俄關係，其實是為了聯俄抗美，是一種有限的「權益友誼」（friendship of convenience），中國既不向俄羅斯提供軍事裝備，也不違反美國的制裁，顯示出中國的權宜之計。 許多人認為，亞太地區最有可能出現烏克蘭狀況的就是台海局勢，但奈伊研判，隨著烏克蘭戰爭的長期化，未來幾年內中國出兵台灣的可能性反而會降低。 奈伊說，有人預測中國會在4年內入侵台灣。他的觀點則認為，在這4年時間內，中國入侵台灣的可能性反而會減弱，因為看到俄軍無法因與烏陸地邊界相接，動用大規模的軍隊成功佔領基輔，對台北發動兩棲行動的想法，更會不太實際，如果中國領導人習近平把對共產黨的控制和共產黨對中國的控制作為主要目標，那麼為數不多可能擾亂其目標的情形之一就是對台灣遠征的失敗，「因此，我認為在這個意義上，可能是由於烏克蘭的戰爭，在台北的人們可以睡得稍微輕鬆一點。」,ltn.com
烏軍將反擊！ 副總理籲南部民眾撤離「不該成為敵方人肉盾牌」,"
    2022/07/11 07:30",〔即時新聞／綜合報導〕烏俄戰爭目前持續進行中，除了烏東地區激戰以外，烏克蘭軍方目前也準備在烏國南部的赫爾松（Kherson）地區進行反攻，烏克蘭副總理韋列舒克（Iryna Vereshchuk）也在國家電視台上呼籲身處俄羅斯占領區的烏國民眾應緊急撤離。 根據《路透》報導，韋列舒克在電視台上透露烏軍近期即將在南部戰線反攻，韋列舒克表示：「反攻行動將會在當地發生戰鬥，也會有砲擊，我們呼籲大家趕快撤離。」 不過韋列舒克也提到，她不能和大家說烏軍何時會反攻，但她確定的是，當地民眾要趕快撤離，「當地不該有婦孺，他們不該成為敵方的人肉盾牌」。在烏俄戰爭爆發前，赫松市擁有將近30萬人口，但目前不清楚赫松市還有多少居民留在當地。,ltn.com
侵烏前夕馬克宏、普廷通電內容曝光俄富豪知道太多慘死泳池 ...,"
    2022/07/07 22:48",〔即時新聞／綜合報導〕俄羅斯總統普廷無視全球譴責和多國制裁，2月24日逕行宣布對烏克蘭採取特殊軍事作戰，開啟戰爭。本報根據路透、法新社、彭博、CNN、BBC等外電，整理了截至台灣時間7月7日最新情勢發展，讓讀者快速掌握俄烏衝突最新進展。 ＊俄烏戰後，俄羅斯連續爆出與普廷關係密切的天然氣富豪喪命，有的幾乎被滅門。英媒6日又曝，現年61歲的沃羅諾夫 （Yuri Voronov）頭部中彈，陳屍聖彼得堡自家豪宅泳池，是被殺還是自殺未知 ＊土耳其海關日前在黑海外海攔下一艘懸掛俄羅斯國旗的貨輪，烏克蘭指控該船上載運的是從烏國偷來的榖糧，要求土耳其扣留調查。但土國昨天（6日）已放行，烏方得知後表達強烈抗議。 ＊車臣「戲精」總統卡德羅夫（Ramzan Kadyrov）4日才發布他參演的「烏克蘭總統澤倫斯基投降」模擬劇，7日隨即推出第2集，卡德羅夫成了劇中最受矚目的「主角」，只見他坐上大位，接受假澤倫斯基的懺悔與投降，顯然把自己地位凌駕在俄國總統普廷之上。 ＊俄羅斯前總統與前總理、現為俄國聯邦安全會議副主席的梅德維傑夫（Dmitri Medvedev）6日誇耀俄羅斯的核武能力，並威脅美國若對俄國進行戰爭犯罪調查，將遭「天譴」。 ＊烏克蘭及俄羅斯上週雙雙宣布俄軍已全數撤出黑海重要戰略島嶼蛇島（Snake Island），烏方今（7日）也派人在該島正式升起國旗，沒想到同天又傳2枚俄軍飛彈襲擊蛇島。 ＊《BBC中文網》報導，從1月27日至6月7日期間，以金額來算，提供烏克蘭最多軍援的是美國，其次分別為英國、波蘭、德國與加拿大，不過烏國總統澤倫斯基表示，該國單月國防支出為50億美元，因此援助方面仍然不足。 ＊烏克蘭總統澤倫斯基便在6日向全國放送的夜間談話中提到，烏克蘭收到的西方軍援火砲已開始「強而有力地運作」。 ＊俄羅斯國防部宣稱，在頓內茨克地區擊毀兩套海馬斯系統以及彈藥庫。對此烏克蘭軍方發表聲明表示，俄羅斯所散布的假消息與現實不符。 ＊英國國防部6日發布戰情觀察報告，目前俄軍已將大部分可用部隊聚集在烏克蘭東部，其中位於烏克蘭第二大城哈爾科夫（Kharkiv）東南方、斯拉夫揚斯克西北方向的俄軍重要樞紐據點伊久姆（Izium），便是俄軍重要集結點。 ＊法國總統馬克宏在烏俄戰爭期間數度與俄國總統普廷通電，兩人在俄國侵略前夕的通電內容曝光。普廷在電話中指控澤倫斯基在明斯克協議的意圖上對馬克宏說謊，還說他顯然拒絕與烏克蘭的親俄分離份子談判。馬克宏反批對方「我不知道什麼樣的律師會跟你說這種話：在一個主權國家，條文是由分離主義團體發起，而不是民主體制中選出的政府。」 ＊俄羅斯目前將進攻重點聚焦於頓內茨克州（Donetsk）。盧甘斯克州長蓋戴（Serhiy Gaidai）指出，在盧甘斯克州仍有烏軍在戰鬥，盧甘斯克州尚未全面淪陷。,ltn.com
俄軍砲轟民宅釀15死傳大批俄軍已到白俄訓練（不斷更新） - 國際,"
    2022/07/11 17:02",首次上稿：09:11 更新時間：17:02 〔即時新聞／綜合報導〕俄羅斯總統普廷無視全球譴責和多國制裁，2月24日逕行宣布對烏克蘭採取特殊軍事作戰，開啟戰爭。本報根據路透、法新社、彭博、CNN、BBC等外電，整理了截至台灣時間7月11日最新情勢發展，讓讀者快速掌握俄烏衝突最新進展。 ＊推特帳號「@ChuckPfarrer」在推特PO文表示，10日佔領赫爾松的俄羅斯軍隊正面臨當地反抗軍與烏克蘭特種作戰部隊（SOF）的攻擊，烏軍定位2個俄軍目標，用飛彈摧毀了2個俄軍總部。 ＊《法新社》11日報導，多名受訪的赴台烏克蘭留學生皆表示，在台灣感受到類似於俄國的脅迫感，期望台灣人「永遠必須做好準備，只有自己能夠保護自己」。 ＊前親俄民兵指揮官基爾金10日在個人Telegram頻道表示，在過去的5至7天內，10多個大型火砲與彈藥庫、油庫、指揮所、防空與火砲重地遭到烏軍摧毀，正顯示了俄軍「聖甲蟲」（Tochek-U）等防空設備對海馬斯多管火箭系統沒有作用。 ＊烏克蘭國防部長列茲尼科夫（Oleksii Reznikov）接受英媒訪問時，表示總統澤倫斯基已下令「奪回被俄軍佔領的沿海地區」。列茲尼科夫提到，烏克蘭正在集結的武裝部隊達到百萬之眾，並配備西方武器。 ＊烏克蘭當局表示，俄羅斯於7月9日晚間襲擊烏東頓內茨克地區的一棟公寓，造成至少15人喪生，至少仍有24人被埋在瓦礫堆下。 ＊烏克蘭軍方目前準備在烏國南部的赫爾松（Kherson）地區進行反攻，烏克蘭副總理韋列舒克（Iryna Vereshchuk）在國家電視台上呼籲身處俄羅斯占領區的烏國民眾應緊急撤離。 ＊自俄羅斯入侵烏克蘭以來，白俄羅斯總統盧卡申科（Alexander Lukashenko）始終力挺俄羅斯，近日傳出俄軍大批兵力已被派到白俄西部軍事基地訓練，此舉讓白俄軍方高層相當不安，甚至寫公開信呼籲盧卡申科別再介入烏俄戰爭，並直言「俄羅斯其實正在破壞白俄主權」。,ltn.com
媒體戰白熱化俄再封鎖德國《世界報》網站- 國際 - 自由時報,"
    2022/07/10 18:08",〔即時新聞／綜合報導〕烏俄戰事愈演愈烈，西方與俄羅斯之間的宣傳戰也日趨白熱化，雙方皆指控對方在惡意散布假消息，尤其俄國官方還查禁多家西方媒體。近日，俄羅斯再禁德國媒體《世界報》（Die Welt）網站。 根據路透報導，俄國官方近期在檢察官的要求之下，限制了俄國國內對於德國《世界報》網站的瀏覽，而目前尚未有消息指出俄國查禁《世界報》的詳細原因。 在烏俄戰爭期間，俄國常指控西方利用強大的媒體機器散布關於戰爭的假消息藉此培養反俄勢力，因此俄官方會援此藉口來限制或是阻礙國內的西方媒體，查禁特定西方新聞媒體網站的進入權限，例如美國之聲等西方媒體的網站就被俄官方禁止瀏覽。 針對戰爭宣傳工具，歐美各國當然也不甘示弱，先前臉書就限制用戶接觸多家俄國媒體，包括「今日俄羅斯」（RT）以及「俄羅斯新聞社」（RIA）等俄國的國營媒體，而俄國在當時則是以封鎖臉書作為回應。,ltn.com
社論》從烏俄戰爭看台灣安全 - 自由評論網,2022/04/26 05:30,,ltn.com
烏俄戰爭已超過100天烏國防部長估年底結束戰爭 - 自由時報,"
    2022/06/05 09:06",〔即時新聞／綜合報導〕烏克蘭持續抵禦俄羅斯入侵，烏克蘭國防部長雷茲尼科夫（Oleksii Reznikov）4日在一場論壇中提到，目前很難預測烏俄戰爭何時會結束，但他認為戰爭可能會在今年年底結束。 根據 報導，雷茲尼科夫在斯洛伐克的「GLOBSEC-2022」論壇上發表談話，雷茲尼科夫表示，烏克蘭武裝部隊仍需要重型武器，包括多管火箭、火砲、戰車、反艦飛彈系統、無人機系統、飛彈和防空系統等。 雷茲尼科夫指出，烏克蘭軍方感謝世界各國的貢獻，但隨著戰局發生變化，烏克蘭需要的武器也和以往不同，在戰爭爆發的第一個月，烏克蘭最需要的是反戰車武器和單兵可攜帶的防空飛彈，但目前烏克蘭需要的是更多重型武器。 烏俄戰爭自2月24日持續至今已超過100天，至於戰爭何時會結束，列茲尼科夫表示，目前很難預測戰爭的結束日期，但他樂觀地認為，烏俄戰爭可能會在今年年底結束。,ltn.com
兵力告急？ 英國防部：俄軍正從全國各地調動預備役 - 自由時報,"
    2022/07/10 10:54",〔即時新聞／綜合報導〕烏俄戰爭目前持續進行中，英國國防部9日發布戰情分析，指俄羅斯正從全國各地調動預備役部隊，將部隊集結在烏克蘭週邊，以便未來的進攻。 英國國防部指出，俄羅斯總統普廷在7月7日聲稱，俄軍「甚至還沒開始在烏克蘭的軍事行動」，不過，俄羅斯近期大舉調動各地的預備役部隊，許多部隊都是臨時組織，使用的裝備也大多陳舊，不適用於現代戰場。 英國國防部表示，大部分的新編步兵部隊要將封存的MT-LB裝甲車「重見天日」，做為主要運輸工具。MT-LB做為一款多用途全兩棲輔助裝甲履帶車，在1950年代即問世，裝甲非常有限，僅能安裝機槍自衛。 英國國防部提到，俄羅斯長期以來一直認為MT-LB裝甲車不適合運輸前線步兵的角色，俄軍在2月底的戰爭爆發初期，當時的第一波突擊兵力是配備BMP-2步兵戰車，裝有自動機砲與反戰車飛彈發射器，裝甲厚度達33毫米，戰力與MT-LB的等級完全不同，MT-LB在現今的烏俄前線能發揮多少效用仍是未知數。,ltn.com
頓巴斯雙城之戰白熱化英相強森：俄軍恐耗盡資源無力推進 ...,"
    2022/06/23 16:52",首次上稿：09:05 更新時間：14:52 〔即時新聞／綜合報導〕俄羅斯總統普廷無視全球譴責和多國制裁，2月24日逕行宣布對烏克蘭採取特殊軍事作戰，開啟戰爭。本報根據路透、法新社、彭博、CNN、BBC等外電，整理了截至台灣時間6月23日最新情勢發展，讓讀者快速掌握俄烏衝突最新進展。 ＊《路透》報導，烏克蘭總統顧問阿列斯托維奇（Oleksiy Arestovych）直言，頓巴斯戰役進入關鍵階段，俄軍尋求徹底攻站烏克蘭盧甘斯克和頓涅茨克的工業中心地帶，北頓內茨克與利西昌斯克雙城之戰正處於可怕的高潮。 ＊《法廣》引述《金融時報》報導，愛沙尼亞總理卡拉斯（Kaja Kallas）受訪時表示，如果按照北約目前對該國的防禦計畫，那當敵人入侵時，愛沙尼亞恐怕會從地圖上消失。 ＊據《美國之音》報導，莫斯科當局也不斷嘗試降低原油的價格，以吸引中國、印度等國家購買以補償損失，但還是不能抵銷全球經濟制裁帶來的負面影響。 ＊先前曾傳出美國有意向烏克蘭出售4架MQ-1C「灰鷹」無人攻擊機，卻因為美國政府擔憂尖端科技可能落入俄羅斯手中，因機密安全疑慮目前暫緩此項軍售。針對此「灰鷹」無人機軍售案，3名烏克蘭現役飛官表示，在俄羅斯強大的防空系統前，無人機生存能力受到挑戰，烏克蘭空軍目前更需要的是戰機與防空系統。 ＊烏克蘭攝影記者萊文（Maks Levin）4月1日被發現陳屍於烏克蘭首都基輔附近的一處村落，當時烏克蘭檢察機關初步調查，研判萊文是中槍而亡，兇手則是俄軍。無國界記者組織（RSF）6月22日發表一份報告指出，萊文與他的友人查尼紹夫（Oleksiy Chernyshov）在3月13日失蹤，當天就遭到俄軍「冷血處決」。 ＊烏克蘭與俄羅斯持續在烏克蘭東部交戰，英國首相強森（Boris Johnson）接受德國《南德意志報》訪問時指出，英國國防情報局認為，俄羅斯可能會在接下來幾個月內因資源耗盡而不再有動力推進。 ＊立陶宛禁止俄羅斯從本土將貨物經鐵路系統過境轉運至俄國飛地加里寧格勒（Kaliningrad），俄羅斯因此揚言報復。對此，立國總統瑙塞達（Gitanas Nauseda）22日表示，立陶宛已經做好準備面對俄國不友好的行動。 ＊英國國會近日禁止俄羅斯駐英國大使克林及其他俄駐英官員進入國會大廈，直至另行通知。為反制北京制裁英國國會議員，中國駐英大使鄭澤光去年9月也遭禁止進入國會。下議院議長霍伊爾（Lindsay Hoyle）及上議院議長麥福男爵（Lord McFall）20日透過電郵周知國會議員，禁止克林（Andrei Kelin）及其他駐英俄羅斯官員進入國會所屬空間和土地。,ltn.com
烏俄戰爭衝擊賴怡忠：台灣成為世界焦點- 政治 - 自由時報,"
    2022/04/24 05:30",〔記者吳書緯／台北報導〕烏俄戰爭爆發至今近兩個月，國際關係學者賴怡忠昨指出，烏俄戰爭對於世界格局有根本性的改變，重要性如同一九五○年韓戰代表冷戰開始；也使台灣成為世界的焦點，美國一再強調台灣不同於烏克蘭，對台承諾日益清楚，但國人不能認為俄軍在戰爭中的拙劣表現，中國會因此延遲攻台，台灣本身的抵抗能力，是最有效抵抗、遲滯中國的方式。 台灣制憲基金會昨舉行座談會，賴怡忠以「烏俄戰局下，台灣處境與展望」發表演說；賴透露，兩週前與美方人士交談，得知現在華府政策圈對中國非常憤怒，各國是要讓烏俄戰爭早日結束，但中國反倒在支持讓戰爭繼續延長。 賴怡忠分析，中國被認為是俄羅斯侵烏幫兇，因為中國領導人習近平和普廷於二月四日舉行峰會，發表共同聲明稱中俄合作「沒有極限」，廿天後俄國就入侵烏克蘭，外界懷疑這場峰會讓俄國認定有中國撐腰。 賴怡忠也提到，當俄羅斯被多國制裁，裝備、彈藥越打越少，向中國尋求武器與經濟援助，美國要求中國不可提供援助，中國卻否認俄國求援，但美國一一指出俄國所提需求的細節，中國反要求美國不要干涉中國對台灣的武力恐嚇，想以此交換，「華府對此極為憤怒」。 針對烏俄戰爭對台影響，賴表示，據傳中國因為俄國在軍事上的拙劣表現大吃一驚，發覺台灣比先前認知更難打。然而，俄國在戰爭中有效利用核武威脅，但有許多軍機被肩射防空飛彈擊落，可能促使中國更積極發展核武與精密導引武器。 賴怡忠並強調，美國對台承諾日益清楚，但國人不能認為俄軍在戰爭中的拙劣表現，中國會因此延遲攻台，台灣本身的抵抗能力，實際上是最有效抵抗、遲滯中國的方式。,ltn.com
社論》烏俄戰爭的第一課與第二課 - 自由評論網,2022/05/04 05:30,,ltn.com
烏俄戰爭爆發第6天美官員透露雙方最新死傷數字 - 自由時報,"
    2022/03/02 09:57",〔即時新聞／綜合報導〕烏俄戰爭爆發進入第六天，目前雙方仍激烈交火，都互相聲稱對敵方造成大量損失，不過美國官員根據情報分析後，認為前五天戰事雙方傷亡旗鼓相當，分別損失約1500人。 據 ，烏俄戰爭爆發後，參戰兩國都宣稱造成敵方重大損失，烏克蘭稱已擊斃5300名俄兵，俄方僅承認己方有傷亡狀況，但稱烏克蘭傷亡則高出很多倍；有美國及歐洲官員認為，截至1日，俄方約損失2000人，而有美國五角大廈高級官員透露，烏克蘭和俄國的軍隊在交戰五天後，分別損失約1500人，不過他們強調這是根據衛星影像、通訊、社交媒體以及戰事報導後所推估的粗略數據，作為對比，美軍在阿富汗20年間共計陣亡約2500人。 不過令美國五角大廈官員感到震驚的是，俄軍竟然經常遺棄戰友的屍體，而且在遇到烏克蘭強烈抵抗下，有整批俄軍不戰而降的狀況發生，還有部分俄軍在自己軍事車輛的油箱上打洞，來避免作戰，他們認為這可能和烏克蘭揭露的俄軍欠缺資訊與士氣有關。,ltn.com
烏俄戰爭表現不如預期俄媒：普廷再開鍘5將領、1警察上校,"
    2022/06/04 15:42",〔編譯孫宇青／綜合報導〕俄羅斯媒體《真理在線》（pravda.ru）近日報導，俄國在烏俄戰爭中表現不如預期，令總統普廷十分不滿，傳在5月30日再度開除5名將領和1名警察上校，與俄國內政部密切往來的一名人士證實此一消息。 報導引述總統命令的摘錄指出，普廷此次開除的5名將領如下： 內政部弗拉基米爾地區司司長、瓦西里．庫庫希金（Vasily Kukushkin）少將；阿爾泰邊疆區內政部主要司副司長、亞歷山大．拉斯（Alexander Laas）少將；雅羅斯拉夫爾州內政部部長、安德烈．利皮林（Andrey Lipilin）少將；內政部作戰司司長、亞歷山大．烏多文科（Alexander Udovenko）；內政部後勤和醫療支援司副司長、尤里．因斯特蘭金（Yuri Instrankin）少將。 此外，普廷也開除內政部法醫專家中心第一副主任、埃米爾．穆辛（Emil Musin）警察上校。以上6人均經由標準改組程序予以開除。,ltn.com
俄軍砲擊斯拉夫揚斯克挪威援烏M270多管火箭系統（不斷更新）,"
    2022/07/06 05:34",首次上稿：07-05 08:53 更新時間：07-06 05:34 〔即時新聞／綜合報導〕俄羅斯總統普廷無視全球譴責和多國制裁，2月24日逕行宣布對烏克蘭採取特殊軍事作戰，開啟戰爭。本報根據路透、法新社、彭博、CNN、BBC等外電，整理了截至台灣時間7月5日最新情勢發展，讓讀者快速掌握俄烏衝突最新進展。 ＊烏克蘭東部斯拉夫揚斯克市長利亞赫5日說，俄軍對當地發動「猛烈」砲擊。這個城市是俄軍在頓巴斯之戰的下一個目標，砲火造成市內一座市場1人死亡，至少3人受傷。 ＊挪威協助烏克蘭抵抗俄羅斯侵略，出錢又出力，繼上週宣布2年內援助烏克蘭10億美元（約新台幣298.1億元）後，又將援烏3套能夠發射精準遠程火箭彈的「M270多管火箭系統」，此為烏軍防禦頓巴斯（Donbas）地區亟盼得到的武器。 ＊《BBC》報導，盧甘斯克州長蓋戴（Serhiy Gaidai）呼籲西方提供更多武器，俄軍奪走盧甘斯克的控制權的確很痛苦，「但這只是我們輸掉的一場戰鬥，而不是輸掉戰爭」而3名剛從前線撤離的士兵接受訪問時表示，「像我們這樣的志願軍士兵，很多人都死了」。不過這3名士兵仍堅持在休整幾天內返回頓巴斯繼續戰鬥。 ＊東歐網媒《NEXTA》報導，烏軍摧毀了梅利托波爾（Melitopol）與托克馬克（Tokmak）之間的鐵路橋，該橋被俄軍用來輸送武器和彈藥的補給。 ＊《彭博》報導，俄烏戰爭爆發後，俄羅斯能源出口遭到國際制裁，許多海運商深怕違反制裁造成商譽受損，而不願運輸俄羅斯石油，不過由於利潤是戰前的3倍，仍有許多船商冒險將俄羅斯原油運往中國。 ＊烏克蘭武裝部隊總參謀部在推特貼出，「海馬斯」高機動性多管火箭系統（HIMARS）在烏克蘭南部某地區，朝目標發射多枚火箭彈的實戰畫面，並強調海馬斯「美麗、快速又準確」。 ＊瑞典總理安德森（Magdalena Andersson）4日在基輔與烏克蘭總統澤倫斯基舉行聯合記者會，安德森強調，結束烏俄戰爭的最佳方法就是加強支持烏克蘭、制裁俄羅斯。 ＊俄羅斯在攻下烏東城市利西昌斯克（Lysychansk）之後，已控制盧甘斯克州全境，俄軍攻勢目前將重點轉移至頓內茨克（Donetsk）地區，軍事專家認為，烏俄戰爭中的關鍵戰役尚未到來，烏克蘭政府可能認為在烏克蘭南部城市赫爾松（Kherson）的反攻會比爭奪頓巴斯（Donbas）地區更具戰略意義。 ＊俄羅斯國防部日前證實俄軍全數撤出黑海重要戰略島嶼蛇島（Snake Island），烏克蘭官方4日透露已將烏國國旗送到蛇島，象徵正式收復失土。 ＊「烏克蘭重建會議」（Ukraine Recovery Conference）4日在瑞士盧加諾（Lugano）登場，烏國總統澤倫斯基在會上直言，幫助烏國重建是民主世界的「共同任務」，重建工作若能順利進行，就代表烏克蘭上至政府，下至人民，有機會向外界證明「為何自由比任何暴政都更加強大」，「烏克蘭的重建不是一個地方項目，也不是一個國家的事情，而是整個民主世界的共同任務。」 ＊烏克蘭總理什米加爾（Denys Shmygal）4日表示，俄羅斯的入侵對烏克蘭基礎建設造成了逾1000億美元的直接損失，而烏克蘭在戰後大約需要7500億美元（約合新台幣22.2兆元）的國家重建費用。 ＊瑞典與芬蘭外長4日與北大西洋公約組織（NATO）會談，討論正式啟動加入北約的程序，跨出歷史性一步。俄羅斯入侵烏克蘭促使兩國申請加入北約。,ltn.com
俄烏戰爭滿月｜一文看懂戰爭前因後果國際回應與未來走向,,,appledaily.com
俄烏戰爭另類受災戶！鈀金供給吃緊中部汽車觸媒轉換器頻遭竊,,,appledaily.com
CTWANT 俄烏戰爭/ 烏克蘭無人機再立大功！ 丟F1手榴彈進 ...,2022年7月11日 下午1:43,俄羅斯出兵侵略烏克蘭，烏克蘭軍隊以各種武器反擊，烏軍日前以無人機投擲F1手榴彈，精準丟進俄軍躲藏的掩體內，將裡面的敵人炸死，無人機的卓越戰果讓其他國家加入軍援烏克蘭的行列。土耳其宣布將免費贈送烏克蘭3架TB2無人機。,news.yahoo.com
烏軍即將反攻！澤倫斯基下令奪回沿海地區⋯副總理急呼籲烏南 ...,2022年7月11日 下午4:54,               ,news.yahoo.com
烏俄戰爭下UNICEF攜手慈濟援難民 - 奇摩新聞,2022年7月7日 下午7:30,烏克蘭難民危機，還看不到終點，聯合國統計，境內800萬人流離失所，目前還停留在歐洲其他國家的，也有超過560萬人。這些跟著父母親逃亡，甚至必須隻身漂泊的孩童，苦難更是加倍。聯合國兒童基金會攜手慈濟基金會，在歐洲國家設立藍點收容中心，給無助失依的異鄉旅人身心慰藉。 聯合國兒童基金會專員 梅斯德：「我在摩爾多瓦與烏克蘭的邊界，這裡是帕蘭卡鎮，聯合國兒童基金會設立『藍點』，藍點提供的服務，是由社工和心理學家，為初來乍到的烏克蘭家庭給予心理上的支持，也提供孩童友善空間，孩子們可以來玩耍休憩，在顛沛流離中給一分小小的安定。」 心理學家 安德里什：「我們大部分透過遊戲治療，但決定權在於孩子，等他們準備好加入我們。」 戰爭，童顏蒙塵，愁滋味浮上臉龐，母親的臂彎無可取代。「藍點」一站式安全空間，風雨飄搖的旅者，得以落腳，身心歇息。 心理學家 馬林：「有家長說，我能抱抱你嗎，真的很感謝你們，盡其所能地提供幫助。」 難民收容中心協調員 弗林恰努：「有一位先生與旁人相比，看起來情緒很激動，走向我，希望我能允許他彈吉他，因為他(與家人分離)太傷心了，他就坐著開始彈吉他，那一刻是我到收容中心後第一次哭了出來，完全能感受到遠離家鄉的心痛，對你深愛的人音訊全無，這場戰爭把我的心揉碎了。」 不帶侵略的關愛，吹散煙硝，讓大人減輕苦楚，讓孩子重拾作夢的勇氣。 撰稿：劉芳瑜,news.yahoo.com
烏克蘭開戰精簡版懶人包教你看懂到底為何而戰？ - 奇摩新聞,2022年3月8日 下午6:29,編按：為何提供超級精簡版？超級精簡版當然無法詳述俄羅斯與烏克蘭漫長的情仇，本文只為提供無法細讀龐雜知識內容的讀者，提供最快速簡要的大綱，解釋下方八大問題，描繪俄烏事件概要，若想深入了解，超連結內皆有更詳細的內容，另也有 ，提供更完整的內容。 俄羅斯總統普丁24日宣布對烏克蘭採取「特殊軍事行動」（special military operation），烏克蘭境內隨後傳出多起爆炸聲響，烏克蘭總統澤倫斯基已宣布戒嚴，俄烏戰爭正式開打。 根據 ，長期因素有三： 短期因素有三： 普丁認定烏克蘭與俄羅斯是「同一民族」，希望「收復」烏克蘭。 另外，烏克蘭的克里米亞島，是俄羅斯要踏出黑海前往大西洋的的關鍵。 克里米亞原隸屬烏克蘭，但人口組成以俄羅斯人為主，出現「身在烏營心在俄」的情形。隨後克里米亞「脫烏入俄」公投獲勝，導致頓內次克（Donetsk）和盧干斯克（Luhansk）有樣學樣，戰火連綿數月，烏克蘭元氣大傷。 因為烏克蘭人民與總統澤倫斯基展現出奮勇抗敵之姿，獲美國與歐洲議會支持，歐洲聯盟也對俄國祭出金融制裁、禁止俄媒宣傳等措施，並提供武器、運送物資挺烏克蘭。 俄烏雙方近日結束第三輪談判，烏克蘭方面表示，未就停戰協議取得重大共識，但在人道主義走廊方面，取得了一些積極進展；俄方則稱，別抱有幻想，認為下一步談判會帶來最終結果。 面對烏克蘭的頑強抵抗，俄軍也逐步加大攻勢，《華盛頓郵報》報導指出，眼看情況不樂觀，西方國家已就烏克蘭成立「流亡政府」預作準備。 另外， 也預測，俄烏戰爭未來可能的結局： 1.速戰速決 2.持久戰 3.歐洲戰爭 4.外交途徑解決 5.普丁下台 實習記者：陳昭容、張俐禎 核稿編輯：沈孟燕,news.yahoo.com
烏收到台軍援迫擊砲彈? 國防部:非事實 - 奇摩新聞,2022年7月11日 下午4:55,烏俄戰爭還沒停火，多國持續軍援烏克蘭，當中也包含台灣嗎？最近烏克蘭軍事媒體在推特發出迫擊砲彈的照片，還附上我國國旗，寫下烏軍從中華民國獲得砲彈軍援。,news.yahoo.com
CTWANT 俄烏戰爭/ 俄火箭轟炸頓內茨克公寓多人遭活埋至少15 ...,2022年7月11日 下午3:02,俄羅斯9日晚間使用火箭襲擊烏東頓內茨克地區的一棟公寓，整棟建築倒塌，造成至少15人死亡，還有多人受困於瓦礫堆之下，民眾徒手挖掘搶救受困人員。烏克蘭總統辦公室主任葉爾馬克在Telegram上發文控訴，此次攻擊是俄羅斯「再一次的恐怖行動」。,news.yahoo.com
【借鏡烏俄戰爭的3堂必修課】從茫然失措到善用科技反擊 ...,2022年6月2日 下午4:09, 主編：陳偉婷  美編：卓育麟 圖／在戰事2月24日爆發當天，哈佛大學假訊息研究員麗特薇妮可（Jane Lytvynenko）旋即在推特上發布了一個散布俄羅斯不實訊息的Telegram頻道清單，提醒各界與媒體留意。  圖：埋葬在俄羅斯侵佔布查鎮（Bucha）時、當地喪生的居民的墓園，照片攝於2022年5月24日。2022年4月3日，在俄軍撤退佔領多日的基輔外圍布查鎮後，布查鎮當地多民平民橫屍街頭的照片震撼全球。(AP Photo/Natacha Pisarenko)  圖：衛星圖片成為此次烏俄戰爭中數位調查的重要功臣。圖為2022年5月12日的衛星圖片，顯示烏克蘭馬立波（Mariupol）劇院外有車輛與起重機。有平民避難的馬立波劇院在2022年3月16日遭到俄軍空襲砲轟，造成數百人死亡。（Satellite image 2022 Maxar Technologies/Handout via REUTERS）  圖／烏俄戰爭監測地圖截圖 「民眾」是這個監測地圖計畫的關鍵角色。在烏克蘭戰區的民眾運用手機拍攝、紀錄俄軍蹤跡、軍隊受損情況，回傳到社群平台或頻道中，再由20多位專職調查員，還有30多位來自全球的OSINT      ,news.yahoo.com
烏俄戰爭改變台灣內部戰略思維…于北辰將軍：不對稱情勢下以 ...,2022年7月8日 上午11:05,  烏俄戰爭已經四個半月，烏克蘭東部親俄勢力國家也面目全非，于北辰將軍今天在寶島聯播網的《新聞放鞭炮》中分析，烏俄戰爭對中華民國國軍最大的影響就是從中學習「以小博大」的智慧。   于北辰說，烏東親俄勢力覺得臣服於俄羅斯就可以換到和平，然而事與願違，因為俄羅斯想要更多的利益因此還是轟炸親俄派所掌控的土地。分析烏東的接下來戰況是否樂觀，于北辰表示要先著力在烏南，現在已經收復蛇島，下一步就是赫爾松以及敖得薩其他位於南部的地區，奪回這些城市就能鞏固黑海。目前局勢變成俄羅斯的消耗戰，其他西方民主國家都提供烏克蘭軍事協助，但俄羅斯只能消耗庫存的軍備。   于北辰嘆若烏克蘭在開戰時馬上就投降，台灣內部的親共勢力更會甚囂塵上，映照烏俄以及中台的戰力狀況，根據過去知名軍事網站GFP所公布的「全球戰力排行」，烏克蘭排名22，台灣則是21，分別面對排名第2的俄羅斯以及第3的中國。于北辰表示，烏克蘭在一開始沒有飛彈可以應戰超過四個月，台灣做為一個「飛彈自衛島」如果打不到四個月就是太多親共份子的緣故。   于北辰舉俄羅斯吞併克里米亞事件為例，說明當時俄羅斯進行強力的認知作戰，親烏克蘭派的消息完全被封鎖，克里米亞人都認為大家都想要去俄羅斯，然而這次開戰以來烏克蘭的認知作戰一直壓過俄羅斯，在網路上散播對抗俄軍的資訊，增加烏克蘭人的團結力。   于北辰更談到國防大學已經開始針對烏俄戰爭進行戰略、戰事研究，烏俄戰爭也改變國軍的戰略思維，過去對於「不對稱作戰」的想像貧乏，這次因為烏俄戰爭的實例則完全呈現。改變包括了解到空軍不一定要飛才是空軍，操作無人機也是一種模式；陸軍更不用大坦克主義而是適量部署，儲備反裝甲飛彈建立雷達系統，更是一種「以小博大」的智慧。    ,news.yahoo.com
北約預測俄烏戰爭將持續多年！即使全球經濟付出高昂代價,2022-06-20 15:35,俄羅斯對烏克蘭的入侵即將邁入第五個月。戰爭初期，俄軍未能推翻哲連斯基政府或攻占首都基輔，俄軍隨後調整目標，現在正試圖全面控制烏克蘭東部地區。西方深知俄羅斯併吞烏克蘭領土後將帶來巨大地緣政治風險，美國與盟邦正準備應對長期衝突對世界經濟的衝擊，同時增加對基輔的軍事援助以阻止俄羅斯獲勝。 《華盛頓郵報》（Washington Post） ，現任芝加哥全球事務委員會主席、前美國駐北約大使達爾德（Ivo Daalder）表示，戰場僵局讓美國面臨著嚴峻選擇：繼續幫助烏克蘭維持血腥的現狀，並讓全球經濟面臨毀滅性的後果；或者停止支持烏克蘭，讓莫斯科佔上風。他解釋：「後者意味著直接將烏克蘭餵給狼群，沒有人準備這麼做。」 談判達成共識的前景似乎遙遙無期，普京也似乎並沒有被西方的反對架勢嚇倒。有分析認為，普京可能會在佔領整個頓巴斯地區之後提出停火協議，以鞏固對烏克蘭部分領土的控制。許多專家也認為，這場戰爭很可能會演變成一場強度較低的衝突，或者像南北韓那樣，雙方在停戰協議中停止交火，但一直不曾正式結束戰爭，國土之間形成高度軍事化的邊界，偶爾還會爆發零星衝突。 歐美各國正展現其確保烏克蘭能在頓巴斯激烈戰鬥中倖存的決心。上周，美國總統拜登（Joe Biden）宣布向烏克蘭追加10億美元（新台幣300億元）軍援。在 美國國防部長奧斯丁（Lloyd Austin）在烏克蘭防禦聯絡組會議上表示，目前是俄烏「戰場的關鍵時刻」，西方盟國已經做了很多努力，但仍需要致力採取更多行動，幫助烏克蘭抵抗俄羅斯入侵，以向莫斯科證明「強權不等於公理」。 相關報導,storm.mg
俄烏戰爭》俄羅斯為什麼要攻打烏克蘭？他列12點拆解背後原因,2022-05-18 06:02,許多人好奇，為什麼俄羅斯非得入侵烏克蘭？以下簡易說明原因，以理解俄國侵略烏克蘭的動機與時機： 2. 俄國永遠都在想盡辦法取得不凍港。除了東北亞從滿州取得的海參威能直接出海，東北歐的聖彼得堡只能進入波羅的海，受制於丹麥。而烏克蘭的克里米亞半島，雖然出海仍受制於土耳其的海峽和埃及的蘇彞士運河，但中亞地區到西亞的土耳其是俄國勢力範圍，所以 2014 的戰爭起火點在克里米亞半島。 3. 對一個想要擴張、想要恢復榮光的強權，勢力範圍被縮限就視為直接威脅。中國 2017 年開始抵制韓國，正是因為美軍主導的薩德反導彈系統部署在韓國境內。生活在自由世界的我們要提醒自己：政治因素在專制國家的決策重要性，遠大於經濟和民生。 5. 德國納粹侵略東歐的心態是：為德國人民爭取生活空間（Lebensraum）。這是把東歐大平原視為殖民地的概念，如入無主之土。 氣候溫暖的烏克蘭，一向是東歐糧倉，在德俄瓜分東歐時就是沃土。所有傷害他人的行為，前驅的自我合理化都意在把對方非人化。嘴上說斯拉夫民族的小兄弟，但其實是把烏克蘭視為一整塊資源。一旦侵略成功、納入國土或勢力範圍，就成為被中央剝削的邊疆。蘇聯時期，烏克蘭的糧食被俄羅斯徵收，饑荒死亡人數三千萬，烏克蘭人至今憎恨俄國統治。 6. 史達林時代經濟窮窘，饑荒致死的人比戰爭還多，但史達林至今在俄國人心中是偉大俄國人之首。因為俄羅斯作為蘇聯、共產國際的領袖，滿足了俄國的大國夢。民族主義達成的內部團結和政治領袖，往往需要以榮光來維繫支持度。但如果內政和經濟成效不彰，大國政治人物維持支持度的手段往往落在外交上，例如美國總統往往靠訪外行程提升人民好感，因為大國在外交上容易動輒得咎。俄國在此前外交也受挫，因為北約擴張，失面子的就是北約所圍堵的俄國。相較於其他超級強權，俄國人口數遠不如中國、經濟體量遠不如美國，俄國最容易取得上風的領域，除了天然資源，一直都是戰爭。 相關報導,storm.mg
俄烏戰爭最大受益者是他！提升國家全球地位 - 風傳媒,2022-06-08 19:00,俄羅斯侵略烏克蘭戰爭自2月24日爆發以來，對全球地緣政治、軍事安全、貿易經濟造成劇烈衝擊。美國智庫「蘭德公司」資深國防分析師葛羅斯曼指出，至今仍堅守中立路線的印度，無疑是這場戰事的受惠者之一。戰事爆發後，美國、中國、俄羅斯等強權皆對印度百般討好，促使其國際地位躍升，並加速國際社會邁向「多極體系」的腳步。 相關報導,storm.mg
華爾街日報》俄烏戰爭打斷中美能源貿易，中國天然氣採購「棄 ...,2022-06-27 11:00,去年的這個時候，中國正緊鑼密鼓地從美國購買盡可能多的天然氣。而在俄羅斯入侵烏克蘭後，中國幾乎停止了購買美國天然氣，轉而增加來自俄羅斯的採購量。 但俄烏戰爭已令上述美中能源貿易陷入停頓。在俄羅斯入侵烏克蘭後，歐洲的響應是承諾將削減對俄羅斯天然氣的進口。隨著歐洲國家爭相尋找其他進口來源以填補俄氣缺口，美國的液化天然氣成為屈指可數的替代選擇之一，導致天然氣價格飆升至歷史最高點。 與此同時，中國經濟放緩，抑制了能源需求，這是中國對美國液化天然氣需求減少的原因之一。另一個原因則是中國可以從俄羅斯獲得更便宜的天然氣，在俄烏戰爭爆發後的幾周內，中國買家以低於市場價的水準大肆採購俄羅斯液化天然氣。 這些變化並不僅限於天然氣市場。中國5月份從俄羅斯進口的石油同比激增55%，俄羅斯超越沙烏地阿拉伯，成為中國最大的石油供應國。由於一些國家因俄烏戰爭而削減了俄能源進口，俄羅斯一直在大幅折價銷售石油。 俄烏戰爭正以種種形式重塑全球能源流動，其中最重要的或許是，這場戰爭迫使俄羅斯在被西方日益孤立的情況下，更多地依賴中國提供經濟支持。 4月份，俄羅斯總統普京指示俄能源公司「逐步將我們的出口轉向快速成長的南方和東方市場」。上周，俄羅斯大幅削減了通過北溪（Nord Stream）管道輸送到德國的天然氣數量，恐將導致整個歐洲大陸的工廠和家庭在冬季來臨之前陷入困境。 相關報導,storm.mg
俄烏戰爭要怎麼結束？他指出「這些人」若敢站出來，普京馬上 ...,2022-03-11 12:06,根除一個狂人的政治後路，停止把俄羅斯和烏克蘭拖進戰爭深淵。如果把俄羅斯這次發動戰爭的理由攤開來，非常明顯不符合多數俄羅斯人的利益，只符合普京政權延續的貪欲。用一個國家加上一或多個鄰國來換一個統治者的政權延續，非常接近朝鮮的金氏王朝。加上直接言論管制人民對戰爭的發言，更像各種封閉社會如內化自我審查的中國，那種放棄作為正常國家的統治方式。 俄羅斯人民本來不需要為自己選出來的總統承擔這麼高的制裁，趁傷害還未太大，把一切甩鍋給普京個人決策，盡可能減少、縮短俄羅斯人民需要承受的制裁代價。 思考愉快。 賣過歷史小說《矯情之家》、出版過科幻小說《全面屍控之謎》、準備出版社會寫實小說《韓式偶像包袱》，正在寫政治寓言《深層賭博》。能研究的題材就能寫。 但寫過的 non-fiction 還是遠多於 fiction。 責任編輯／邱劭霽 相關報導,storm.mg
有內奸是亡國第一步！「俄烏戰爭」呂秋遠給台灣人10點啟示,2022-02-25 10:56,俄羅斯侵略烏克蘭，對於許多台灣人來說，應該覺得很遙遠、陌生，卻又有說不出來的唇亡齒寒感。遙遠，是真的很遠，就算只轉機一次，到首都基輔也要16小時。陌生，大多數人只知道瑞莎來自烏克蘭，那麼，說不出來的唇亡齒寒感呢？ 烏克蘭，歷史上被稱為基輔羅斯的邊境。雖然就領土規模來說，是歐洲第二大國，但是俄羅斯從來就沒有把烏克蘭當作是獨立國家，即使在獨立以後，俄羅斯人開口閉口也總是把烏克蘭人稱作血濃於水的斯拉夫兄弟，總是宣稱烏克蘭是俄羅斯不可分割的神聖領土，也是大俄羅斯的一部分。 在獨立以後，烏克蘭開始推行「去俄羅斯化」，包括推行烏克蘭文，去除俄文影響，規定所有俄文著作都要有烏克蘭文翻譯等等，引起俄羅斯非常不滿。就在2013年，烏克蘭選出了一名親俄羅斯的總統，拒絕簽署跟歐盟的貿易協定，引發國會彈劾他下台，總統潛逃到俄羅斯，也引發俄羅斯震怒，決定拿回烏克蘭的克里米亞這個地區。 接下來，就是北約組織了。北約，是冷戰時期歐洲與美國成立的共同防禦組織，以前用來對抗蘇聯為首的華沙公約組織。蘇聯瓦解以後，北約不斷吸收華沙組織的東歐成員，這兩年來，竟然開始想要吸收烏克蘭，引發俄羅斯更為不安。俄羅斯覺得烏克蘭是同文同種的兄弟，怎麼可以加入這個組織？ 而北約，在川普時期，就已經跟美國關係不好，即使拜登就任以後，也還在修復中，就讓俄羅斯不爽之餘，有機會可趁。俄羅斯又是歐洲天然氣的主要供應國，德國特別需要這些能源，不敢得罪俄羅斯，於是俄羅斯認為北約積弱不振、歐洲各國能源短缺，是開戰的時候了。 1.不斷鼓吹不同國家卻同文同種的人，大致上都不懷好意。 2.不要過於相信國際社會，他們很多的所謂支持，都是說說而已。 至於誰是內奸，看看他們平常的表現就會知道。 4.起初，敵人會要你認錯，其次，敵人會要你跪著認錯，最後，敵人不需要你認錯，會直接屠殺。 5.屈辱之後，還是要面對戰爭，所以一開始就要站著，讓對方知道我們會寧死不屈。 7.每個國家都有自己的利益，他們選邊站的理由，往往不是為了公平正義，而是為了自己而已。 8.中國不敢承認克里米亞是俄羅斯的，也還沒承認頓內茨克、盧甘斯克是獨立國家，因為中國沒辦法解釋，為什麼台灣不是中國的。 9.好好珍惜我們現有的一切，不要讓任何人、任何國家，改變我們的生活方式。 10.烏克蘭加油！別輸給侵略者！ 本文經授權轉載自 臉書 責任編輯／邱劭霽 相關報導,storm.mg
觀點投書：烏俄戰爭，不是台海衝突的範本 - 風傳媒,2022-03-17 06:10,烏俄戰爭正邁入第三周，國內外輿論不免將「今日的烏克蘭」與「明日的台灣」相提並論。雖然台灣與烏克蘭都被身旁的專制大國視為其不可分割的一部分，也因此成為「西方民主世界」與中俄「威權聯盟」衝突的導火線之一， 俄羅斯今日對於北約擴張的恐懼與論述皆源自於蘇聯解體與兩德統一時美俄雙方高層對北約後續發展的含糊溝通。從蘇聯最後一任總書記戈巴契夫（Mikhail Gorbachev）一路到今日的普廷 (Vladimir Putin) ，俄國領導人一致認為西方曾經答應「北約不會東擴」。戰事爆發幾個月前的幾輪談判仍無法在此取得共識。反觀，美國與中國對彼此紅線的認知已在中美三個聯合公報和台灣關係法中建立。 同時，美國與北約也曾表達沒有協防烏克蘭的義務。美軍注意力轉往印太更讓俄國有機可乘。在此層面上，美國對烏克蘭始終保持戰略清晰。儘管北約仍堅持未來納入烏克蘭的可能性，但此種「戰略模糊」反而觸碰俄羅斯紅線。相對而言，美國雖然也在台海議題保持戰略模糊，此模糊地帶卻建立在中美雙方的某種共識上。 蘇聯解體十年內，俄羅斯分別討伐車城與喬治亞。雖然最後都以勝利告終，但俄國內外都明顯注意到後蘇聯的俄軍裝備落後、狼狽不堪。因此，俄軍在 2008 年後展開一系列軍事改革。2014 年克里米亞事件可以說是俄軍現代化的轉捩點：與之前相比，配有先進裝備的俄軍有效地搭配資訊戰、電子戰等其他非傳統元素發動一場現代「閃電戰」。 突如其來的攻勢讓烏克蘭守軍迅速投降，俄軍也火速拿下克里米亞半島與進軍東烏克蘭。隨後，西方軍事觀察家如臨大敵，對俄羅斯的「混合戰爭」(hybrid warfare) 展開一系列研究。美軍也隨之對自身混合戰能力展開檢討。 相較於 2014 年派出的少量菁英特戰部隊，俄方此次派出大量經驗與裝備參差不齊的徵兵部隊。雖然俄國成功研發多種先進裝備與武器，但俄羅斯軍工業面臨量產困難。因此，俄軍過去曾展示的種種無人武器平台在本次戰役中幾乎沒有角色。前線觀察也指出，俄軍甚至必須使用未加密的手機連上烏克蘭行動網路進行戰場通訊，造成情資大量外流。 相關報導,storm.mg
梅克爾談俄烏戰爭：不後悔對普京的外交，不讓烏克蘭加入北約 ...,2022-06-08 14:08,俄烏戰爭導致德國改變十多年來對俄羅斯的綏靖外交政策，德國內部出現檢討聲浪，認為前總理梅克爾誤判與俄羅斯深化經濟交流的風險，加深德國對俄羅斯能源的依賴，可能是導致普京自信開戰、不畏德國加入民主國家制裁的原因。 《衛報》（The Guardian） ，面對俄烏戰事使16年政績蒙上陰影，她在柏林人劇院（Berliner Ensemble theatre）接受採訪時說：「如果要我說『與那個人（普京）溝通沒有意義』我會非常難過……雖然（外交）沒有奏效是大悲劇，但我不會責怪自己的努力。」梅克爾在任期間很少有如此直率的發言。 當被問及是否後悔在2008年反對美國主導的烏克蘭和喬治亞加入北約計劃，梅克爾說：「過去的烏克蘭不是我們現在所認識的那樣，烏克蘭曾經四分五裂……甚至改革勢力的季莫申科（Yulia Tymoshenko）和尤申科（Viktor Yushchenko）也意見相左。這意味著它曾不是一個堅定民主國家。」 2014年和2015年，為平息烏東地區分離主義勢力與政府軍的衝突，由法國、德國、俄羅斯和烏克蘭組成的「諾曼第模式」談判，達成了前後兩份《明斯克協議》。但該協議非但沒有維持雙邊停火狀態，還被烏克蘭國內批評，因為俄羅斯堅持認為它不是參與衝突的一方，因此不受其條款的約束。 梅克爾在7日晚間受訪時為這些協議辯護，稱《明斯克協議》至少為烏克蘭贏得了緩衝時間，「它平息了這件事，為烏克蘭爭取發展成為現在這個國家的時間。」她並讚賞了烏克蘭總統哲連斯基（Volodymyr Zelenskiy）在戰時展現的領導能力，稱他代表了這一個新的烏克蘭。 相關報導,storm.mg
觀點投書：烏俄戰爭與華府忘記的一堂歷史課 - 風傳媒,2022-05-10 05:50,英國地緣政治之父麥金德 (Halford Mackinder) 曾經在上世紀初這樣大膽假設。透過中國的海岸線，原物料充沛的歐亞腹地將進一步取得太平洋的資源。統治世界的跳板近在咫尺。麥金德寫道：誰統治歐亞心臟地帶，便能統治歐亞大陸。誰統治歐亞大陸，便能統治全球。 隨著世界局勢的變遷，麥金德的理論歷經多次翻修，但其中心思想仍支配著西方的地緣政治觀。曾任美國國安顧問的布里辛斯基 (Zbigniew Brzeziński) 便在 1997 年的《大棋局》(The Grand Chessboard) 一書中闡述了美國全球外交戰略如何避免一個歐亞霸權的崛起。所謂「中俄聯盟」的陰影更在大西洋兩岸之間迴盪。 眼看俄羅斯已長達兩個月陷入烏克蘭的泥沼，「後冷戰」的國際秩序也逐漸步入尾聲。曾在 2020 年大選時宣稱俄國是美國「最大威脅」的美國總統拜登明顯透過國際制裁與各色援助，意圖徹底擊潰俄國的軍事、經濟與工業底氣，撼動該國二十年來立下的穩定基礎。烏克蘭只不過是一場棋局的陪葬品罷了，好讓美國能全心投入與中國的全面競爭。在美國這次「火力展示」下，原本「無上限」的中俄合作似乎也名存實亡。北京雖未加入對俄制裁，但也並未全力相挺。 事實上，西方口中的「中俄聯盟」並未瓦解，因為它從不存在。冷戰結束以來，中俄權力平衡逆轉，為兩國核武大國之間添了不少猜忌。2014 年克里米亞事件後，遭到制裁的俄國不得不拉近與中國的距離，但仍有所保留。與其說戰略合作，不如說是各取所需。莫斯科一方面與中國合作，卻一面暗示西方將自己視為西方制衡中國的潛在夥伴。去年六月，俄國總統普廷甚至投書德媒《時代週報》(Die Zeit) ，強調西方與俄國合作的必要性，但徒勞無功。 諷刺的事，華府一廂情願的拖垮俄國，反而為中國製造了一個千載難逢的戰略機遇。被開除「地球籍」而一蹶不振的俄羅斯將無可避免的淪為中國的衛星國，為其提供原物料與軍工業資源。俄國勢力淡出後的中亞也將讓一帶一路更加通行無阻。美國大搞印太戰略之際，歐亞腹地將成為中國式全球化的前進基地。上世紀陸權與海權的對立重新上演，但麥金德的「無稽之談」這次卻近在咫尺！ ＊作者任職於歐洲某智庫，長期觀察國際事務，作品經常發表於倫敦金融時報（Financial Times） 相關報導,storm.mg
烏克蘭戰爭》美國將是「俄烏戰爭」的最大贏家？專家揭拜登的 ...,2022-03-11 11:40,這原本會是一場悲劇，俄羅斯部隊快速入侵烏克蘭，奪下基輔並成立魁儡政權。白俄羅斯同時通過公投，允許俄羅斯駐軍並部署核武器。普京不止完成與白俄羅斯的結盟，並完全控制烏克蘭，成就他的俄羅斯帝國偉大復興。拜登在副總統任內，主導歐巴馬政府的多數外交政策，卻讓克里米亞半島被併吞，在總統任內又眼睜睜看著烏克蘭淪陷，已無法擺脫軟弱無能政客的歷史評價。歐洲國家面對來勢兇兇的俄羅斯帝國，手足無措，美國身為北約的領導者，只能將更多軍事資源投注到歐洲，結果分身乏術，無力在西太平洋與中國全力競爭，讓習近平進一步向外擴張，西太平洋國家人人自危。俄羅斯與中國步步進逼，舊有的國際秩序幾乎崩解。 這讓歐洲國家發現機不可失，積極提供各種武器與支援給烏克蘭，並開放本國人民加入自願軍前往烏克蘭助戰。甚至長期忌憚俄羅斯的芬蘭，都一改過去的中立政策，宣布要提供武器給烏克蘭，連永久中立國瑞士也加入金融制裁的行列。這些俄羅斯始料未及的連鎖反應，使普京的豪賭成為一場大災難，也讓拜登政府免於一敗塗地的歷史罵名。甚至讓美國站到極有利的位置，在對抗俄羅斯與中國的大國競爭中，從被動變為主動。因為烏克蘭每多撐一天，俄羅斯就繼續大失血一天，美國只要盡全力支援烏克蘭，讓澤倫斯基不要倒下，就能大幅削弱俄羅斯的國力。 拜登不斷重複表態不願意出兵烏克蘭的原因，說複雜很複雜，但說簡單也是很簡單。從自私一點的角度來說，拜登這種從冷戰走出來的政治人物，並不把烏克蘭當成盟友，畢竟烏克蘭從歷史、文化、地緣上來說，就是小俄羅斯沒錯。這場俄烏戰爭在許多人眼中，是斯拉夫兄弟的內戰。美國利用這場內戰，來削弱俄羅斯是一回事，但真正派兵介入這場戰爭又是另外一回事。更何況烏克蘭是中國重要的軍事技術來源國，美國過去長期施壓烏克蘭未果，對美國來說，烏克蘭並不是一個可靠的盟友。而就大戰略來說，如果美國出兵烏克蘭，不止會與俄羅斯短兵相接，造成兩個核武大國直接衝突，提高核子大戰的風險。萬一最後真的陷入戰爭泥淖，大批部隊被牽制在歐洲戰場，中國、北韓與伊朗都可能趁機蠢動，最後形成世界大戰。 相關報導,storm.mg
亓樂義觀點：俄烏戰爭對今後國際戰略格局的可能影響 - 風傳媒,2022-04-01 07:10,俄烏戰爭歷經1個多月後終於露出曙光。 對於最敏感的頓涅茨克、盧甘斯克和克里米亞的地位問題，雙方不列入談判協議內容而以單獨方式另做討論。烏方建議有關克里米亞的地位問題可以有15年的磋商期，可謂一大讓步，但最終還要訴諸於公投。烏克蘭總統澤連斯基（Volodymyr Zelenskyy）3月30日表明，凡涉及全民重大決定不能由1個人或一群有任何政見的人做出，而需由全體人民決定。這為今後俄烏協議的最終結果埋下伏筆。 假設俄烏雙方近期達成和平協議，西方對俄羅斯排山倒海的制裁是否隨之減緩或喊停，是下一步觀察國際戰略格局如何變化的重要指標。烏克蘭國防情報局局長布達諾夫（Kyrylo Budanov）3月27日在一份聲明中指出，俄羅斯總統普京（Vladimir Putin）正試圖分裂烏克蘭，從烏克蘭東部頓涅茨克和盧甘斯克下手，把烏克蘭一分而二，就像二戰後朝鮮半島被分成南北韓。為此烏克蘭將發動一場「全面游擊戰」，趕走俄軍以維護國家領土完整。 卡內基國際和平研究院核政策項目資深研究員趙通認為， 中國國務院參事室公共政策研究中心副理事長胡偉3月在《中美印象》網發表文章指出，有些輿論認為俄烏戰爭意味美國霸權的徹底崩塌，實際上並非如此，而是意欲擺脫美國的法、德等國又重新回到北約防衛框架。德國大幅度增加軍費預算，瑞士和瑞典等國放棄中立。「北溪二號」 天然氣管道被無限期擱置，歐洲對美國天然氣的依賴必然增加。 美國斯坦福大學知名學者福山（Francis Fukuyama）3月10日在《美國宗旨》（American Purpose）網站撰文對俄烏戰爭做出12項預測，最後一項就是 以上是某一方面的觀點。歷史的走向也許在1年內就能明朗，而「中國因素」可能更為重要。 ＊作者為資深媒體人，本文原刊《奔騰思潮》，授權轉載。 相關報導,storm.mg
俄烏戰爭會持續多久？謝金河揭關鍵：看這項走勢就可略知一二,2022-04-22 16:06,俄烏戰事持續延燒，戰火何時消停備受關注。財信傳媒董事長謝金河認為，俄烏之戰會持續多久，只要看盧布的走勢就可略知一二，如果盧布強勢，代表俄羅斯拿石油，天然氣換資金的力道仍強勁，戰爭可能還會持續很久。 謝金河說，戰爭一開打，俄羅斯股市率先休市，在美國及友好國家對俄羅斯展開空前經濟制裁的那一刻，盧布最慘跌到157兌1美元，戰爭之前，盧布約在68上下，戰爭後，盧布隨即出現崩潰式的大跌，股市當然也一蹶不振。 謝金河指出，這次美國對俄羅斯的經濟制裁，最具威力的是國際通滙機制SWIFT，也包括石油，天然氣禁運，同時涷結俄羅斯寡頭大亨資產，可說是招招致命。理論上，俄羅斯經濟從此將一蹶不振，股市重挫後就翻不起來，但盧布卻幾乎回到戰爭前的價位，盧布最高升至76左右，現在是82附近，也就是說，盧布比預期還強勁。 最後，謝金河認為，俄烏之戰會持續多久，只要看盧布的走勢就可略知一二，如果盧布強勢，代表俄羅斯拿石油、天然氣換資金的力道仍強勁，戰爭可能會持續很久。這樣的話，下一步看美國如何出牌？ 相關報導,storm.mg
俄烏戰爭台人怎麼看？網路聲量聚焦台美關係「疑美言論」占25%,2022-03-03 08:00,"俄羅斯對烏克蘭展開軍事行動，烏克蘭境內多處遭飛彈空襲，造成超過363名平民死亡。美國前總統川普近日公開警告，中國國家主席習近平將效法俄羅斯總統普京，台灣恐成為下一個被攻擊對象，一時之間使「今日烏克蘭，明日台灣」傳言甚囂塵上，但反對方批評這種說法恫嚇人民，行政院長蘇貞昌也公開表示，台灣地理位置重要，與中國有200公里海峽區隔，與烏克蘭不同，引發正反意見論戰。 
TPOC台灣議題研究中心透過QuickseeK快析輿情資料庫，分析普京宣布指示軍隊在烏克蘭東部頓巴斯地區展開特別軍事行動至今，網路討論無俄戰爭的輿論風向，並依照留言主題進行話題類聚。結果發現，烏俄戰爭引發台灣網友爆大量討論，在各社群平台、新聞網站創造超過100萬則留言，其中討論多聚焦在「台灣」，共約有25萬筆留言，其中「今日俄羅斯，明日中國」論調占16%，超越了「今日烏克蘭，明日台灣」的討論，網友多聚焦烏克蘭過去販售軍武給中國、中國認為俄羅斯不是侵略、自己的國家自己救等內容，不少人也藉由烏克蘭和俄羅斯衝突，提醒必須更加小心地防範中國。 
TPOC台灣議題研究中心指出，討論聲量最高的前三類分別是「今日俄羅斯，明日中國」、「烏克蘭加油」、「今日烏克蘭，明日台灣」等內容，占整體超過4成，但也有25.9%言論聚焦於「譴責美國不幫阿富汗和烏克蘭」、「認為美國不出兵烏克蘭也不會幫台灣」、「認為真正的惡魔是美國」，顯示「疑美論」仍然占不小的聲量。 TPOC台灣議題研究中心指出，蔡英文自2016年上任以來，持續拓展我國外交，在對美、日、歐洲等民主同盟國家關係中都有大幅進展，並不斷宣傳現在是台美關係最好的時刻，多次呼應美方立場強調台美關係「堅若磐石」。然而，每當有國際重大危機出現，例如去年美國宣布美軍撤離阿富汗，就引發不少「疑美論」、「美國不可信」的質疑聲浪。 而就這次網路輿情統計數字觀察，儘管「美國不可信」的論調非最大宗，但所占逾4分之1的比例也相當高，時值烏克蘭情勢嚴峻、國際社會密切關注台海局勢的此時此刻，不該忽視社會上這一股不小的聲浪，應該就國家安全策略議題作更充分的溝通。 相關報導",storm.mg
觀點投書：俄烏戰爭東西壁壘成形 - 風傳媒,2022-07-11 06:10,前言：俄羅斯普京曾揚言，三日內拿下基輔，但事實上陳戰至今已 而普京另一個盤算，是拉攏集權國家，這些集權國家領袖都有一個共通點，就是不要臉，不需要法治，個人利益遠遠超過國家利益。個人最重要工作就是竊取國家名器，盜取國家資源，然後讓自己或自己子子孫孫永遠霸佔統治位置。 而俄羅斯雖經過短暫民主，後來基本是處於民主反潮時期。俄羅斯民主已經只剩下形式民主而已，已不具備真正民主意涵。所以本質上，俄羅斯和中國、古巴、朝鮮等幾無兩樣。俄羅斯在這些國家中，無疑的還保有老大地位。而俄羅斯也打準主義，和西方的戰鬥，中國將必須在背後對俄羅斯進行一定程度挹注。俄國如果垮台，那麼誰來幫助這些國家對抗西方國家？因此，中國就算再不情願，也不能不撐住俄羅斯，因為這是無可逃避宿命。 美國從瓦解蘇聯後，把中國打造成世界工廠。但中國的經濟發展並不等於政治改革，共產黨將經濟和科技發展轉變成國家控制力道。區塊鏈、人臉辨識，社會信用制度，構成老大哥眼睛。只要觸犯共產黨禁忌，錢領不出來，車子無法搭，只能坐困死地。這種專制形態，不斷借用國家力道向外滲透，終於引起西方世界警惕，於是有「天下圍中」態勢。因此，俄羅斯存在可以分攤中國壓力，這是俄羅斯與中國必須相互支援的重大原因。雖然明的怕被毆美盯上，但私下則很難避免這種掛勾。 相關報導,storm.mg
G20外長會議東道主印尼籲俄烏戰爭盡快落幕| 國際 - 中央社,2022/7/8 13:58,（中央社印尼峇里島8日綜合外電報導）20國集團（G20）峰會今天在印尼峇里島（Bali）登場，輪值主席國印尼在這場俄羅斯外交部長也出席的會議中，呼籲盡快結束烏克蘭戰爭。 法新社報導，印尼外長勒特諾（Retno Marsudi）在峰會開幕式上說：「我們有責任盡早結束這場戰爭，並在談判桌上化解歧見，而非在戰場上。」 她說，這個世界才剛從COVID-19（2019冠狀病毒疾病）疫情中開始復甦，卻又馬上面臨另一場危機，也就是烏克蘭戰爭。 她說：「在糧食、能源和財政領域上，全球都感受到連鎖效應。一如以往，發展中國家與低收入國家首當其衝。」 印尼與美國關係友好，但也是「不結盟國家組織」（Non-Aligned Movement）的創始國之一。印尼先前曾呼籲結束烏克蘭戰爭，並未接受西方推動在政治和經濟上孤立莫斯科的作法。 印尼同意俄國外長拉夫羅夫（Sergei Lavrov）出席G20外長會議，但同時也邀請烏克蘭外長庫列巴（Dmytro Kuleba）。庫列巴將以視訊方式與會。 美國官員表示，國務卿布林肯（Antony Blinken）將拒絕個別會晤拉夫羅夫；兩人上次見面是今年1月在日內瓦，當時布林肯警告，俄國若入侵烏克蘭，將面臨嚴重後果。（譯者：陳怡君/核稿：李佩珊）1110708 本網站之文字、圖片及影音，非經授權，不得轉載、公開播送或公開傳輸及利用。,cna.com.tw
終止烏俄戰爭烏克蘭盼中國扮演更顯著角色| 國際| 中央社CNA,2022/3/23 02:42,（中央社倫敦22日綜合外電報導）烏克蘭總統澤倫斯基（Volodymyr Zelenskiy）的幕僚長葉爾馬克今天表示，烏克蘭希望中國在終止烏俄戰爭上扮演更「顯著的角色」，並成為烏克蘭未來安全的保證者。 葉爾馬克（Andriy Yermak）也表示，他預期澤倫斯基和中國國家主席習近平「很快」就會對話，但未進一步說明。 中國是世界第二大經濟體，長久來一直在能源、貿易和安全上與俄羅斯締結更緊密的關係，也是烏克蘭最大貿易夥伴。中國一直抵拒西方國家要求它譴責俄國入侵烏克蘭的壓力。 葉爾馬克在英國智庫皇家國際事務研究所（Chatham House）舉辦的線上記者會表示：「截至目前，中國一直保持中立，如我先前所說，我們認為中國在終止這場戰爭和建立新全球安全體制上應該扮演更顯著的角色。」 葉爾馬克透過翻譯者表示：「我們也期待中國在這個新安全體制為烏克蘭做出有意義貢獻，並成為這個安全體制架構內的保證者之一。」 「我們給予中國最大的尊敬，並期待它在那個方面扮演主動的角色。」 在俄國入侵烏克蘭前，基輔當局即已表示希望列強提供安全保證，並稱現有的全球安全結構「幾已破碎」。（譯者：陳政一）1110323 本網站之文字、圖片及影音，非經授權，不得轉載、公開播送或公開傳輸及利用。,cna.com.tw
